date,close,open,high,low,volume,涨跌幅
2014/9/22,8.99E+01,9.27E+01,9.30E+01,8.95E+01,66.66M,-4.26%
2014/9/23,8.72E+01,8.89E+01,9.05E+01,8.66E+01,39.01M,-3.03%
2014/9/24,9.06E+01,8.85E+01,9.06E+01,8.72E+01,32.09M,3.90%
2014/9/25,8.89E+01,9.11E+01,9.15E+01,8.85E+01,28.60M,-1.82%
2014/9/26,9.05E+01,8.97E+01,9.05E+01,8.87E+01,18.34M,1.73%
2014/9/29,8.88E+01,8.96E+01,8.97E+01,8.80E+01,25.30M,-1.89%
2014/9/30,8.89E+01,8.90E+01,9.09E+01,8.85E+01,24.42M,0.11%
2014/10/1,8.61E+01,8.87E+01,8.89E+01,8.60E+01,24.03M,-3.10%
2014/10/2,8.71E+01,8.63E+01,8.82E+01,8.56E+01,21.47M,1.11%
2014/10/3,8.81E+01,8.81E+01,8.99E+01,8.77E+01,18.49M,1.19%
2014/10/6,8.83E+01,8.92E+01,8.97E+01,8.81E+01,9.28M,0.24%
2014/10/7,8.77E+01,8.80E+01,8.97E+01,8.71E+01,12.79M,-0.72%
2014/10/8,8.83E+01,8.80E+01,8.85E+01,8.71E+01,10.26M,0.72%
2014/10/9,8.88E+01,8.85E+01,9.04E+01,8.80E+01,21.51M,0.55%
2014/10/10,8.59E+01,8.83E+01,8.87E+01,8.52E+01,15.43M,-3.28%
2014/10/13,8.51E+01,8.69E+01,8.69E+01,8.49E+01,14.85M,-0.88%
2014/10/14,8.50E+01,8.58E+01,8.59E+01,8.32E+01,15.57M,-0.20%
2014/10/15,8.56E+01,8.40E+01,8.65E+01,8.28E+01,16.82M,0.77%
2014/10/16,8.89E+01,8.50E+01,8.92E+01,8.40E+01,15.23M,3.80%
2014/10/17,8.79E+01,9.04E+01,9.09E+01,8.77E+01,17.36M,-1.06%
2014/10/20,8.83E+01,8.80E+01,8.95E+01,8.79E+01,9.89M,0.40%
2014/10/21,9.09E+01,8.91E+01,9.25E+01,8.85E+01,23.24M,2.99%
2014/10/22,9.16E+01,9.23E+01,9.35E+01,9.10E+01,20.36M,0.80%
2014/10/23,9.45E+01,9.29E+01,9.47E+01,9.28E+01,20.64M,3.08%
2014/10/24,9.58E+01,9.51E+01,9.80E+01,9.48E+01,32.13M,1.39%
2014/10/27,9.78E+01,9.70E+01,9.89E+01,9.63E+01,28.30M,2.12%
2014/10/28,9.97E+01,9.98E+01,1.01E+02,9.86E+01,32.13M,1.93%
2014/10/29,9.83E+01,9.99E+01,1.00E+02,9.68E+01,28.66M,-1.37%
2014/10/30,9.87E+01,9.85E+01,9.94E+01,9.73E+01,15.48M,0.43%
2014/10/31,9.86E+01,1.00E+02,1.00E+02,9.81E+01,18.13M,-0.13%
2014/11/3,1.02E+02,9.97E+01,1.03E+02,9.91E+01,41.30M,3.25%
2014/11/4,1.06E+02,1.00E+02,1.06E+02,9.95E+01,67.81M,4.19%
2014/11/5,1.09E+02,1.08E+02,1.10E+02,1.06E+02,48.34M,2.45%
2014/11/6,1.12E+02,1.09E+02,1.12E+02,1.07E+02,33.61M,2.67%
2014/11/7,1.15E+02,1.13E+02,1.15E+02,1.12E+02,51.46M,2.68%
2014/11/10,1.19E+02,1.17E+02,1.19E+02,1.15E+02,75.97M,4.01%
2014/11/11,1.15E+02,1.17E+02,1.18E+02,1.14E+02,71.15M,-3.87%
2014/11/12,1.18E+02,1.15E+02,1.19E+02,1.14E+02,53.91M,3.20%
2014/11/13,1.15E+02,1.19E+02,1.20E+02,1.15E+02,62.16M,-2.84%
2014/11/14,1.15E+02,1.15E+02,1.15E+02,1.13E+02,29.85M,0.23%
2014/11/17,1.14E+02,1.15E+02,1.16E+02,1.13E+02,22.57M,-0.74%
2014/11/18,1.11E+02,1.14E+02,1.14E+02,1.10E+02,41.10M,-3.01%
2014/11/19,1.09E+02,1.10E+02,1.11E+02,1.07E+02,46.84M,-1.80%
2014/11/20,1.10E+02,1.08E+02,1.12E+02,1.07E+02,36.49M,0.92%
2014/11/21,1.11E+02,1.13E+02,1.14E+02,1.10E+02,27.43M,0.83%
2014/11/24,1.14E+02,1.12E+02,1.14E+02,1.12E+02,20.65M,2.88%
2014/11/25,1.13E+02,1.15E+02,1.15E+02,1.12E+02,23.48M,-0.40%
2014/11/26,1.13E+02,1.13E+02,1.14E+02,1.12E+02,11.83M,-0.71%
2014/11/28,1.12E+02,1.13E+02,1.13E+02,1.11E+02,8.08M,-0.91%
2014/12/1,1.06E+02,1.10E+02,1.10E+02,1.04E+02,38.46M,-5.06%
2014/12/2,1.10E+02,1.07E+02,1.10E+02,1.07E+02,18.79M,3.68%
2014/12/3,1.11E+02,1.10E+02,1.12E+02,1.09E+02,16.22M,0.68%
2014/12/4,1.09E+02,1.10E+02,1.11E+02,1.09E+02,10.86M,-1.33%
2014/12/5,1.08E+02,1.10E+02,1.10E+02,1.08E+02,12.15M,-1.16%
2014/12/8,1.05E+02,1.06E+02,1.07E+02,1.04E+02,19.22M,-2.62%
2014/12/9,1.07E+02,1.02E+02,1.08E+02,1.01E+02,24.87M,2.29%
2014/12/10,1.04E+02,1.07E+02,1.07E+02,1.04E+02,18.47M,-3.35%
2014/12/11,1.05E+02,1.04E+02,1.07E+02,1.04E+02,15.68M,1.05%
2014/12/12,1.05E+02,1.05E+02,1.07E+02,1.04E+02,14.54M,0.13%
2014/12/15,1.05E+02,1.06E+02,1.08E+02,1.04E+02,16.52M,-0.39%
2014/12/16,1.06E+02,1.04E+02,1.08E+02,1.04E+02,21.70M,1.02%
2014/12/17,1.09E+02,1.07E+02,1.09E+02,1.06E+02,17.31M,3.07%
2014/12/18,1.09E+02,1.11E+02,1.11E+02,1.08E+02,22.79M,0.21%
2014/12/19,1.11E+02,1.10E+02,1.11E+02,1.08E+02,14.86M,1.28%
2014/12/22,1.09E+02,1.11E+02,1.11E+02,1.09E+02,13.04M,-1.70%
2014/12/23,1.06E+02,1.08E+02,1.08E+02,1.04E+02,19.10M,-2.99%
2014/12/24,1.06E+02,1.06E+02,1.07E+02,1.06E+02,5.87M,0.41%
2014/12/26,1.06E+02,1.06E+02,1.07E+02,1.06E+02,6.53M,0.00%
2014/12/29,1.06E+02,1.06E+02,1.08E+02,1.06E+02,8.07M,0.03%
2014/12/30,1.06E+02,1.06E+02,1.07E+02,1.05E+02,10.21M,-0.22%
2014/12/31,1.04E+02,1.06E+02,1.06E+02,1.04E+02,10.28M,-1.71%
2015/1/2,1.04E+02,1.04E+02,1.05E+02,1.03E+02,12.30M,-0.33%
2015/1/5,1.01E+02,1.03E+02,1.03E+02,9.99E+01,18.34M,-2.51%
2015/1/6,1.03E+02,1.01E+02,1.04E+02,1.00E+02,15.72M,2.30%
2015/1/7,1.02E+02,1.05E+02,1.05E+02,1.02E+02,11.05M,-1.15%
2015/1/8,1.05E+02,1.03E+02,1.05E+02,1.03E+02,12.94M,2.84%
2015/1/9,1.03E+02,1.05E+02,1.05E+02,1.03E+02,10.22M,-1.91%
2015/1/12,1.02E+02,1.03E+02,1.03E+02,1.01E+02,8.00M,-1.36%
2015/1/13,1.01E+02,1.03E+02,1.03E+02,1.00E+02,11.29M,-0.84%
2015/1/14,9.96E+01,9.93E+01,1.00E+02,9.81E+01,17.81M,-1.18%
2015/1/15,9.63E+01,9.97E+01,1.00E+02,9.60E+01,18.26M,-3.28%
2015/1/16,9.69E+01,9.61E+01,9.78E+01,9.55E+01,13.33M,0.60%
2015/1/20,1.00E+02,9.83E+01,1.00E+02,9.76E+01,12.11M,3.25%
2015/1/21,1.03E+02,1.01E+02,1.04E+02,1.00E+02,15.19M,3.25%
2015/1/22,1.04E+02,1.05E+02,1.05E+02,1.03E+02,11.43M,0.69%
2015/1/23,1.03E+02,1.04E+02,1.05E+02,1.03E+02,9.87M,-0.86%
2015/1/26,1.04E+02,1.04E+02,1.05E+02,1.03E+02,10.66M,0.85%
2015/1/27,1.03E+02,1.03E+02,1.04E+02,1.01E+02,15.66M,-1.01%
2015/1/28,9.85E+01,1.00E+02,1.01E+02,9.78E+01,42.14M,-4.36%
2015/1/29,8.98E+01,9.05E+01,9.07E+01,8.74E+01,76.56M,-8.78%
2015/1/30,8.91E+01,8.96E+01,9.20E+01,8.81E+01,36.81M,-0.81%
2015/2/2,9.01E+01,9.11E+01,9.17E+01,8.86E+01,18.87M,1.18%
2015/2/3,9.06E+01,9.17E+01,9.17E+01,8.99E+01,13.51M,0.53%
2015/2/4,9.00E+01,9.10E+01,9.19E+01,8.95E+01,14.64M,-0.67%
2015/2/5,8.70E+01,8.96E+01,8.98E+01,8.61E+01,28.93M,-3.33%
2015/2/6,8.57E+01,8.71E+01,8.74E+01,8.54E+01,17.63M,-1.52%
2015/2/9,8.60E+01,8.58E+01,8.68E+01,8.55E+01,12.11M,0.37%
2015/2/10,8.73E+01,8.70E+01,8.75E+01,8.65E+01,12.04M,1.47%
2015/2/11,8.60E+01,8.76E+01,8.77E+01,8.58E+01,12.39M,-1.44%
2015/2/12,8.71E+01,8.56E+01,8.83E+01,8.56E+01,15.18M,1.28%
2015/2/13,8.91E+01,8.82E+01,8.93E+01,8.77E+01,14.67M,2.24%
2015/2/17,8.69E+01,8.88E+01,8.90E+01,8.67E+01,15.19M,-2.47%
2015/2/18,8.67E+01,8.71E+01,8.74E+01,8.65E+01,7.42M,-0.13%
2015/2/19,8.69E+01,8.68E+01,8.79E+01,8.67E+01,7.60M,0.17%
2015/2/20,8.66E+01,8.73E+01,8.73E+01,8.64E+01,7.82M,-0.29%
2015/2/23,8.55E+01,8.65E+01,8.67E+01,8.53E+01,9.37M,-1.35%
2015/2/24,8.47E+01,8.55E+01,8.55E+01,8.39E+01,15.85M,-0.91%
2015/2/25,8.62E+01,8.44E+01,8.68E+01,8.44E+01,13.65M,1.77%
2015/2/26,8.54E+01,8.69E+01,8.72E+01,8.52E+01,8.76M,-0.95%
2015/2/27,8.51E+01,8.60E+01,8.66E+01,8.50E+01,8.38M,-0.29%
2015/3/2,8.40E+01,8.50E+01,8.50E+01,8.38E+01,11.21M,-1.32%
2015/3/3,8.16E+01,8.30E+01,8.33E+01,8.00E+01,39.25M,-2.88%
2015/3/4,8.55E+01,8.03E+01,8.58E+01,8.02E+01,36.61M,4.79%
2015/3/5,8.61E+01,8.58E+01,8.63E+01,8.40E+01,18.51M,0.71%
2015/3/6,8.44E+01,8.57E+01,8.60E+01,8.41E+01,10.67M,-1.97%
2015/3/9,8.25E+01,8.44E+01,8.44E+01,8.15E+01,17.62M,-2.22%
2015/3/10,8.30E+01,8.11E+01,8.32E+01,8.07E+01,13.82M,0.53%
2015/3/11,8.20E+01,8.30E+01,8.34E+01,8.12E+01,12.77M,-1.18%
2015/3/12,8.19E+01,8.21E+01,8.29E+01,8.15E+01,11.23M,-0.09%
2015/3/13,8.19E+01,8.18E+01,8.19E+01,8.08E+01,12.66M,-0.07%
2015/3/16,8.40E+01,8.20E+01,8.52E+01,8.19E+01,16.91M,2.61%
2015/3/17,8.45E+01,8.40E+01,8.51E+01,8.35E+01,17.64M,0.60%
2015/3/18,8.46E+01,8.39E+01,8.60E+01,8.33E+01,35.66M,0.11%
2015/3/19,8.57E+01,8.51E+01,8.70E+01,8.50E+01,30.45M,1.36%
2015/3/20,8.52E+01,8.63E+01,8.68E+01,8.51E+01,21.18M,-0.63%
2015/3/23,8.43E+01,8.53E+01,8.55E+01,8.42E+01,11.18M,-1.12%
2015/3/24,8.36E+01,8.44E+01,8.45E+01,8.24E+01,14.55M,-0.74%
2015/3/25,8.38E+01,8.39E+01,8.45E+01,8.27E+01,13.51M,0.14%
2015/3/26,8.42E+01,8.32E+01,8.50E+01,8.30E+01,12.21M,0.50%
2015/3/27,8.46E+01,8.48E+01,8.52E+01,8.33E+01,9.70M,0.49%
2015/3/30,8.39E+01,8.50E+01,8.52E+01,8.38E+01,10.02M,-0.80%
2015/3/31,8.32E+01,8.36E+01,8.45E+01,8.32E+01,11.81M,-0.79%
2015/4/1,8.24E+01,8.34E+01,8.37E+01,8.22E+01,14.90M,-1.06%
2015/4/2,8.23E+01,8.29E+01,8.30E+01,8.13E+01,19.87M,-0.10%
2015/4/6,8.18E+01,8.21E+01,8.26E+01,8.16E+01,12.81M,-0.56%
2015/4/7,8.22E+01,8.19E+01,8.30E+01,8.19E+01,9.44M,0.48%
2015/4/8,8.54E+01,8.33E+01,8.55E+01,8.31E+01,26.16M,3.87%
2015/4/9,8.61E+01,8.70E+01,8.77E+01,8.52E+01,27.80M,0.88%
2015/4/10,8.46E+01,8.67E+01,8.67E+01,8.42E+01,18.30M,-1.81%
2015/4/13,8.43E+01,8.52E+01,8.57E+01,8.38E+01,15.80M,-0.35%
2015/4/14,8.50E+01,8.46E+01,8.51E+01,8.35E+01,11.82M,0.85%
2015/4/15,8.47E+01,8.51E+01,8.54E+01,8.42E+01,12.23M,-0.39%
2015/4/16,8.41E+01,8.52E+01,8.54E+01,8.39E+01,12.05M,-0.72%
2015/4/17,8.19E+01,8.31E+01,8.33E+01,8.16E+01,22.79M,-2.57%
2015/4/20,8.22E+01,8.23E+01,8.27E+01,8.15E+01,13.47M,0.37%
2015/4/21,8.24E+01,8.29E+01,8.29E+01,8.21E+01,10.06M,0.27%
2015/4/22,8.21E+01,8.28E+01,8.28E+01,8.15E+01,13.32M,-0.45%
2015/4/23,8.23E+01,8.19E+01,8.28E+01,8.16E+01,11.48M,0.28%
2015/4/24,8.46E+01,8.29E+01,8.50E+01,8.28E+01,21.06M,2.78%
2015/4/27,8.49E+01,8.55E+01,8.63E+01,8.47E+01,17.43M,0.39%
2015/4/28,8.51E+01,8.55E+01,8.56E+01,8.38E+01,11.11M,0.21%
2015/4/29,8.25E+01,8.41E+01,8.44E+01,8.16E+01,21.10M,-3.09%
2015/4/30,8.13E+01,8.22E+01,8.27E+01,8.04E+01,14.21M,-1.41%
2015/5/1,8.12E+01,8.10E+01,8.23E+01,8.01E+01,17.91M,-0.15%
2015/5/4,8.06E+01,8.12E+01,8.16E+01,8.01E+01,21.55M,-0.71%
2015/5/5,7.95E+01,8.04E+01,8.09E+01,7.78E+01,32.66M,-1.30%
2015/5/6,8.00E+01,7.97E+01,8.09E+01,7.95E+01,24.95M,0.58%
2015/5/7,8.60E+01,8.88E+01,8.93E+01,8.49E+01,69.45M,7.50%
2015/5/8,8.71E+01,8.78E+01,8.83E+01,8.69E+01,30.14M,1.23%
2015/5/11,8.67E+01,8.67E+01,8.77E+01,8.61E+01,19.78M,-0.39%
2015/5/12,8.68E+01,8.71E+01,8.75E+01,8.61E+01,16.08M,0.06%
2015/5/13,8.75E+01,8.71E+01,8.85E+01,8.70E+01,19.02M,0.88%
2015/5/14,8.84E+01,8.77E+01,8.85E+01,8.75E+01,12.09M,0.99%
2015/5/15,8.85E+01,8.85E+01,8.90E+01,8.81E+01,13.42M,0.07%
2015/5/18,8.71E+01,8.76E+01,8.79E+01,8.66E+01,13.49M,-1.53%
2015/5/19,8.82E+01,8.70E+01,8.88E+01,8.65E+01,20.73M,1.26%
2015/5/20,9.07E+01,8.81E+01,9.08E+01,8.73E+01,29.81M,2.82%
2015/5/21,9.39E+01,9.14E+01,9.48E+01,9.09E+01,40.73M,3.51%
2015/5/22,9.33E+01,9.43E+01,9.51E+01,9.32E+01,22.18M,-0.65%
2015/5/26,9.25E+01,9.37E+01,9.39E+01,9.16E+01,15.67M,-0.80%
2015/5/27,9.26E+01,9.22E+01,9.30E+01,9.16E+01,9.52M,0.09%
2015/5/28,9.10E+01,9.17E+01,9.19E+01,9.06E+01,14.21M,-1.78%
2015/5/29,8.93E+01,9.14E+01,9.15E+01,8.93E+01,13.89M,-1.79%
2015/6/1,9.08E+01,9.01E+01,9.10E+01,8.95E+01,9.91M,1.63%
2015/6/2,9.05E+01,9.06E+01,9.15E+01,9.02E+01,9.87M,-0.30%
2015/6/3,9.08E+01,9.07E+01,9.10E+01,8.99E+01,9.43M,0.31%
2015/6/4,9.06E+01,9.07E+01,9.14E+01,9.03E+01,8.69M,-0.22%
2015/6/5,9.07E+01,9.05E+01,9.16E+01,9.05E+01,11.35M,0.13%
2015/6/8,8.83E+01,9.07E+01,9.16E+01,8.82E+01,15.70M,-2.67%
2015/6/9,8.76E+01,8.80E+01,8.82E+01,8.61E+01,16.08M,-0.80%
2015/6/10,8.89E+01,8.77E+01,8.90E+01,8.72E+01,12.55M,1.51%
2015/6/11,8.72E+01,8.90E+01,8.95E+01,8.71E+01,13.72M,-1.90%
2015/6/12,8.66E+01,8.74E+01,8.78E+01,8.65E+01,9.98M,-0.67%
2015/6/15,8.61E+01,8.63E+01,8.72E+01,8.61E+01,10.23M,-0.59%
2015/6/16,8.61E+01,8.60E+01,8.67E+01,8.56E+01,10.97M,-0.03%
2015/6/17,8.68E+01,8.66E+01,8.78E+01,8.65E+01,10.24M,0.82%
2015/6/18,8.68E+01,8.70E+01,8.76E+01,8.63E+01,11.74M,-0.06%
2015/6/19,8.57E+01,8.65E+01,8.66E+01,8.52E+01,10.32M,-1.16%
2015/6/22,8.57E+01,8.61E+01,8.64E+01,8.56E+01,7.15M,-0.07%
2015/6/23,8.51E+01,8.60E+01,8.63E+01,8.48E+01,11.41M,-0.70%
2015/6/24,8.52E+01,8.52E+01,8.58E+01,8.49E+01,9.43M,0.11%
2015/6/25,8.52E+01,8.55E+01,8.56E+01,8.49E+01,8.95M,0.08%
2015/6/26,8.33E+01,8.46E+01,8.47E+01,8.28E+01,12.67M,-2.30%
2015/6/29,8.11E+01,8.16E+01,8.29E+01,8.08E+01,15.20M,-2.65%
2015/6/30,8.23E+01,8.26E+01,8.37E+01,8.20E+01,12.62M,1.48%
2015/7/1,8.25E+01,8.26E+01,8.30E+01,8.20E+01,5.95M,0.23%
2015/7/2,8.21E+01,8.21E+01,8.23E+01,8.18E+01,6.76M,-0.47%
2015/7/6,8.02E+01,8.06E+01,8.15E+01,8.01E+01,11.86M,-2.24%
2015/7/7,7.96E+01,7.95E+01,7.98E+01,7.62E+01,34.22M,-0.76%
2015/7/8,7.79E+01,7.66E+01,7.88E+01,7.62E+01,22.71M,-2.11%
2015/7/9,7.90E+01,8.09E+01,8.12E+01,7.90E+01,19.78M,1.41%
2015/7/10,8.03E+01,8.11E+01,8.12E+01,7.98E+01,11.22M,1.59%
2015/7/13,8.19E+01,8.09E+01,8.22E+01,8.07E+01,10.35M,1.94%
2015/7/14,8.15E+01,8.16E+01,8.20E+01,8.11E+01,7.52M,-0.44%
2015/7/15,8.07E+01,8.09E+01,8.15E+01,8.02E+01,9.51M,-0.94%
2015/7/16,8.15E+01,8.14E+01,8.20E+01,8.09E+01,8.60M,0.99%
2015/7/17,8.34E+01,8.20E+01,8.37E+01,8.16E+01,14.51M,2.24%
2015/7/20,8.27E+01,8.36E+01,8.37E+01,8.21E+01,8.13M,-0.83%
2015/7/21,8.25E+01,8.31E+01,8.33E+01,8.22E+01,5.75M,-0.16%
2015/7/22,8.42E+01,8.22E+01,8.48E+01,8.20E+01,11.21M,1.95%
2015/7/23,8.39E+01,8.47E+01,8.50E+01,8.33E+01,7.45M,-0.32%
2015/7/24,8.30E+01,8.52E+01,8.54E+01,8.27E+01,8.76M,-1.03%
2015/7/27,8.14E+01,8.09E+01,8.17E+01,7.97E+01,12.19M,-1.95%
2015/7/28,8.06E+01,8.07E+01,8.08E+01,7.93E+01,12.12M,-1.03%
2015/7/29,8.03E+01,8.10E+01,8.14E+01,8.00E+01,7.18M,-0.37%
2015/7/30,8.00E+01,8.01E+01,8.06E+01,7.95E+01,6.93M,-0.37%
2015/7/31,7.83E+01,7.99E+01,7.99E+01,7.82E+01,12.69M,-2.03%
2015/8/3,7.80E+01,7.82E+01,7.85E+01,7.71E+01,9.28M,-0.45%
2015/8/4,7.89E+01,7.81E+01,7.94E+01,7.78E+01,8.50M,1.13%
2015/8/5,7.98E+01,7.96E+01,8.04E+01,7.95E+01,7.50M,1.20%
2015/8/6,7.90E+01,7.99E+01,8.08E+01,7.86E+01,9.30M,-1.08%
2015/8/7,7.88E+01,7.97E+01,8.02E+01,7.87E+01,8.74M,-0.18%
2015/8/10,8.05E+01,7.99E+01,8.10E+01,7.95E+01,11.28M,2.09%
2015/8/11,7.73E+01,7.95E+01,8.00E+01,7.62E+01,22.98M,-3.89%
2015/8/12,7.34E+01,7.23E+01,7.39E+01,7.10E+01,41.19M,-5.12%
2015/8/13,7.51E+01,7.40E+01,7.67E+01,7.37E+01,23.23M,2.36%
2015/8/14,7.48E+01,7.45E+01,7.55E+01,7.45E+01,12.37M,-0.47%
2015/8/17,7.52E+01,7.49E+01,7.52E+01,7.42E+01,12.68M,0.58%
2015/8/18,7.39E+01,7.41E+01,7.51E+01,7.37E+01,11.16M,-1.74%
2015/8/19,7.31E+01,7.32E+01,7.36E+01,7.28E+01,18.18M,-1.03%
2015/8/20,7.03E+01,7.20E+01,7.28E+01,7.00E+01,21.00M,-3.83%
2015/8/21,6.82E+01,6.93E+01,7.07E+01,6.82E+01,29.13M,-3.04%
2015/8/24,6.58E+01,5.82E+01,6.75E+01,5.80E+01,31.38M,-3.49%
2015/8/25,6.86E+01,6.88E+01,7.03E+01,6.75E+01,29.95M,4.21%
2015/8/26,6.87E+01,6.90E+01,6.95E+01,6.58E+01,26.39M,0.13%
2015/8/27,7.08E+01,7.08E+01,7.16E+01,7.00E+01,18.12M,3.18%
2015/8/28,7.01E+01,6.97E+01,7.05E+01,6.91E+01,10.60M,-1.09%
2015/8/31,6.61E+01,6.92E+01,6.93E+01,6.60E+01,18.48M,-5.64%
2015/9/1,6.48E+01,6.44E+01,6.68E+01,6.41E+01,23.46M,-1.95%
2015/9/2,6.55E+01,6.57E+01,6.60E+01,6.50E+01,13.38M,1.10%
2015/9/3,6.65E+01,6.58E+01,6.69E+01,6.54E+01,15.80M,1.42%
2015/9/4,6.39E+01,6.54E+01,6.56E+01,6.33E+01,18.19M,-3.85%
2015/9/8,6.09E+01,6.58E+01,6.68E+01,6.03E+01,50.33M,-4.69%
2015/9/9,6.40E+01,6.27E+01,6.47E+01,6.25E+01,33.15M,5.14%
2015/9/10,6.38E+01,6.35E+01,6.43E+01,6.33E+01,13.28M,-0.33%
2015/9/11,6.46E+01,6.34E+01,6.48E+01,6.27E+01,17.75M,1.25%
2015/9/14,6.26E+01,6.26E+01,6.33E+01,6.15E+01,26.76M,-3.14%
2015/9/15,6.49E+01,6.15E+01,6.54E+01,6.11E+01,29.04M,3.59%
2015/9/16,6.72E+01,6.56E+01,6.81E+01,6.53E+01,25.80M,3.67%
2015/9/17,6.60E+01,6.64E+01,6.67E+01,6.56E+01,16.59M,-1.83%
2015/9/18,6.58E+01,6.54E+01,6.58E+01,6.40E+01,20.13M,-0.38%
2015/9/21,6.39E+01,6.54E+01,6.64E+01,6.30E+01,22.36M,-2.81%
2015/9/22,6.19E+01,6.29E+01,6.33E+01,6.16E+01,14.90M,-3.13%
2015/9/23,6.00E+01,6.20E+01,6.23E+01,5.97E+01,22.68M,-3.07%
2015/9/24,5.99E+01,5.94E+01,6.03E+01,5.82E+01,20.65M,-0.13%
2015/9/25,5.92E+01,6.06E+01,6.08E+01,5.89E+01,17.01M,-1.13%
2015/9/28,5.74E+01,5.88E+01,6.01E+01,5.73E+01,20.66M,-3.12%
2015/9/29,5.78E+01,5.73E+01,5.87E+01,5.72E+01,16.77M,0.75%
2015/9/30,5.90E+01,5.89E+01,6.01E+01,5.84E+01,16.77M,1.99%
2015/10/1,5.89E+01,5.95E+01,5.98E+01,5.82E+01,8.15M,-0.17%
2015/10/2,6.32E+01,5.84E+01,6.32E+01,5.82E+01,22.36M,7.36%
2015/10/5,6.39E+01,6.35E+01,6.48E+01,6.22E+01,13.58M,1.16%
2015/10/6,6.39E+01,6.37E+01,6.47E+01,6.33E+01,9.62M,-0.02%
2015/10/7,6.63E+01,6.48E+01,6.67E+01,6.44E+01,15.80M,3.69%
2015/10/8,6.77E+01,6.60E+01,6.84E+01,6.60E+01,18.67M,2.14%
2015/10/9,6.87E+01,6.82E+01,6.95E+01,6.73E+01,14.76M,1.49%
2015/10/12,7.03E+01,6.96E+01,7.05E+01,6.90E+01,15.55M,2.31%
2015/10/13,6.97E+01,6.95E+01,7.03E+01,6.84E+01,13.05M,-0.88%
2015/10/14,6.85E+01,6.95E+01,6.97E+01,6.74E+01,12.29M,-1.64%
2015/10/15,7.18E+01,6.93E+01,7.24E+01,6.93E+01,18.20M,4.73%
2015/10/16,7.20E+01,7.25E+01,7.36E+01,7.12E+01,15.95M,0.29%
2015/10/19,7.27E+01,7.18E+01,7.30E+01,7.15E+01,10.89M,0.92%
2015/10/20,7.18E+01,7.30E+01,7.30E+01,7.16E+01,11.09M,-1.18%
2015/10/21,6.95E+01,7.17E+01,7.18E+01,6.89E+01,16.86M,-3.22%
2015/10/22,7.10E+01,7.02E+01,7.16E+01,7.01E+01,10.81M,2.17%
2015/10/23,7.56E+01,7.40E+01,7.58E+01,7.28E+01,22.51M,6.52%
2015/10/26,7.64E+01,7.54E+01,7.74E+01,7.51E+01,24.82M,0.97%
2015/10/27,7.94E+01,8.21E+01,8.28E+01,7.83E+01,50.82M,4.05%
2015/10/28,8.24E+01,7.95E+01,8.26E+01,7.92E+01,25.03M,3.66%
2015/10/29,8.22E+01,8.20E+01,8.25E+01,8.08E+01,16.43M,-0.16%
2015/10/30,8.38E+01,8.27E+01,8.44E+01,8.26E+01,20.74M,1.96%
2015/11/2,8.44E+01,8.35E+01,8.48E+01,8.28E+01,13.83M,0.62%
2015/11/3,8.34E+01,8.40E+01,8.46E+01,8.31E+01,11.64M,-1.08%
2015/11/4,8.54E+01,8.45E+01,8.56E+01,8.40E+01,23.73M,2.35%
2015/11/5,8.54E+01,8.52E+01,8.64E+01,8.42E+01,20.66M,-0.02%
2015/11/6,8.36E+01,8.55E+01,8.64E+01,8.08E+01,38.53M,-2.07%
2015/11/9,8.14E+01,8.34E+01,8.35E+01,8.02E+01,19.09M,-2.67%
2015/11/10,8.14E+01,8.11E+01,8.24E+01,7.96E+01,22.00M,0.06%
2015/11/11,7.99E+01,8.23E+01,8.25E+01,7.81E+01,29.64M,-1.94%
2015/11/12,7.88E+01,7.90E+01,8.05E+01,7.85E+01,18.84M,-1.37%
2015/11/13,7.59E+01,7.72E+01,7.80E+01,7.56E+01,24.24M,-3.69%
2015/11/16,7.83E+01,7.58E+01,7.88E+01,7.58E+01,17.05M,3.23%
2015/11/17,7.81E+01,7.89E+01,7.91E+01,7.75E+01,12.47M,-0.22%
2015/11/18,7.77E+01,7.83E+01,7.83E+01,7.62E+01,16.74M,-0.56%
2015/11/19,7.79E+01,7.81E+01,7.92E+01,7.74E+01,15.69M,0.23%
2015/11/20,8.00E+01,7.84E+01,8.08E+01,7.84E+01,21.03M,2.67%
2015/11/23,8.13E+01,8.05E+01,8.22E+01,8.00E+01,18.77M,1.70%
2015/11/24,8.09E+01,8.09E+01,8.11E+01,7.93E+01,15.28M,-0.55%
2015/11/25,8.17E+01,8.09E+01,8.27E+01,8.08E+01,16.33M,1.05%
2015/11/27,8.14E+01,8.06E+01,8.14E+01,7.93E+01,12.60M,-0.40%
2015/11/30,8.41E+01,8.15E+01,8.45E+01,8.14E+01,97.91M,3.32%
2015/12/1,8.40E+01,8.38E+01,8.44E+01,8.35E+01,26.24M,-0.10%
2015/12/2,8.50E+01,8.43E+01,8.58E+01,8.43E+01,36.61M,1.19%
2015/12/3,8.26E+01,8.51E+01,8.51E+01,8.21E+01,23.03M,-2.84%
2015/12/4,8.49E+01,8.26E+01,8.50E+01,8.24E+01,15.55M,2.74%
2015/12/7,8.48E+01,8.48E+01,8.51E+01,8.42E+01,11.88M,-0.11%
2015/12/8,8.44E+01,8.28E+01,8.47E+01,8.26E+01,14.67M,-0.45%
2015/12/9,8.34E+01,8.44E+01,8.52E+01,8.30E+01,21.92M,-1.14%
2015/12/10,8.43E+01,8.33E+01,8.43E+01,8.29E+01,10.47M,1.09%
2015/12/11,7.97E+01,8.29E+01,8.31E+01,7.94E+01,20.79M,-5.44%
2015/12/14,8.06E+01,8.02E+01,8.08E+01,7.90E+01,12.08M,1.04%
2015/12/15,8.25E+01,8.11E+01,8.34E+01,8.09E+01,13.05M,2.38%
2015/12/16,8.46E+01,8.33E+01,8.51E+01,8.30E+01,16.58M,2.59%
2015/12/17,8.36E+01,8.50E+01,8.53E+01,8.29E+01,13.00M,-1.26%
2015/12/18,8.27E+01,8.32E+01,8.38E+01,8.20E+01,12.17M,-1.09%
2015/12/21,8.29E+01,8.32E+01,8.37E+01,8.24E+01,8.09M,0.27%
2015/12/22,8.48E+01,8.29E+01,8.51E+01,8.29E+01,12.78M,2.38%
2015/12/23,8.48E+01,8.51E+01,8.51E+01,8.37E+01,11.24M,-0.05%
2015/12/24,8.37E+01,8.46E+01,8.48E+01,8.34E+01,3.78M,-1.29%
2015/12/28,8.21E+01,8.26E+01,8.28E+01,8.15E+01,9.32M,-1.88%
2015/12/29,8.33E+01,8.25E+01,8.35E+01,8.24E+01,6.94M,1.36%
2015/12/30,8.17E+01,8.30E+01,8.31E+01,8.15E+01,6.98M,-1.90%
2015/12/31,8.13E+01,8.15E+01,8.22E+01,8.13E+01,6.74M,-0.50%
2016/1/4,7.67E+01,7.82E+01,7.83E+01,7.52E+01,23.07M,-5.64%
2016/1/5,7.86E+01,7.79E+01,7.87E+01,7.73E+01,14.26M,2.53%
2016/1/6,7.73E+01,7.71E+01,7.85E+01,7.70E+01,11.57M,-1.65%
2016/1/7,7.27E+01,7.33E+01,7.55E+01,7.15E+01,27.29M,-5.96%
2016/1/8,7.08E+01,7.43E+01,7.47E+01,7.07E+01,20.81M,-2.64%
2016/1/11,6.99E+01,7.13E+01,7.17E+01,6.90E+01,16.96M,-1.24%
2016/1/12,7.27E+01,7.15E+01,7.28E+01,7.10E+01,13.46M,3.95%
2016/1/13,7.03E+01,7.28E+01,7.32E+01,7.02E+01,12.48M,-3.29%
2016/1/14,7.23E+01,7.03E+01,7.27E+01,6.83E+01,17.72M,2.79%
2016/1/15,6.96E+01,6.87E+01,7.10E+01,6.75E+01,20.72M,-3.68%
2016/1/19,7.01E+01,7.19E+01,7.23E+01,6.98E+01,17.42M,0.78%
2016/1/20,6.87E+01,6.80E+01,6.91E+01,6.53E+01,19.46M,-2.02%
2016/1/21,7.07E+01,6.88E+01,7.17E+01,6.71E+01,16.58M,2.93%
2016/1/22,7.04E+01,7.25E+01,7.33E+01,6.99E+01,15.83M,-0.49%
2016/1/25,6.97E+01,7.08E+01,7.08E+01,6.90E+01,14.78M,-0.92%
2016/1/26,6.98E+01,6.90E+01,7.02E+01,6.89E+01,11.47M,0.07%
2016/1/27,6.95E+01,7.00E+01,7.14E+01,6.88E+01,18.26M,-0.33%
2016/1/28,6.69E+01,7.26E+01,7.32E+01,6.67E+01,33.17M,-3.77%
2016/1/29,6.70E+01,6.80E+01,6.89E+01,6.54E+01,25.59M,0.16%
2016/2/1,6.70E+01,6.65E+01,6.77E+01,6.54E+01,16.21M,0.00%
2016/2/2,6.51E+01,6.71E+01,6.77E+01,6.47E+01,19.15M,-2.89%
2016/2/3,6.34E+01,6.56E+01,6.57E+01,6.09E+01,31.92M,-2.53%
2016/2/4,6.49E+01,6.43E+01,6.57E+01,6.31E+01,22.91M,2.24%
2016/2/5,6.26E+01,6.47E+01,6.49E+01,6.22E+01,12.84M,-3.42%
2016/2/8,6.11E+01,6.09E+01,6.21E+01,6.05E+01,16.16M,-2.46%
2016/2/9,6.14E+01,6.01E+01,6.22E+01,5.93E+01,12.74M,0.47%
2016/2/10,6.18E+01,6.19E+01,6.31E+01,6.09E+01,9.00M,0.64%
2016/2/11,6.06E+01,6.03E+01,6.16E+01,5.99E+01,15.01M,-1.96%
2016/2/12,6.09E+01,6.13E+01,6.28E+01,6.03E+01,13.67M,0.53%
2016/2/16,6.63E+01,6.44E+01,6.69E+01,6.40E+01,21.74M,8.87%
2016/2/17,6.64E+01,6.72E+01,6.74E+01,6.57E+01,14.46M,0.14%
2016/2/18,6.65E+01,6.70E+01,6.85E+01,6.62E+01,14.55M,0.21%
2016/2/19,6.73E+01,6.68E+01,6.78E+01,6.61E+01,12.33M,1.14%
2016/2/22,6.88E+01,6.83E+01,6.95E+01,6.80E+01,13.41M,2.32%
2016/2/23,6.70E+01,6.85E+01,6.87E+01,6.65E+01,12.93M,-2.72%
2016/2/24,6.72E+01,6.62E+01,6.77E+01,6.52E+01,10.78M,0.39%
2016/2/25,6.67E+01,6.57E+01,6.67E+01,6.47E+01,14.69M,-0.85%
2016/2/26,6.69E+01,6.81E+01,6.88E+01,6.69E+01,12.08M,0.38%
2016/2/29,6.88E+01,6.76E+01,7.06E+01,6.76E+01,17.98M,2.84%
2016/3/1,7.09E+01,7.00E+01,7.18E+01,6.99E+01,14.01M,2.98%
2016/3/2,7.13E+01,7.20E+01,7.20E+01,7.08E+01,10.50M,0.55%
2016/3/3,7.10E+01,7.13E+01,7.26E+01,7.05E+01,11.60M,-0.32%
2016/3/4,7.22E+01,7.10E+01,7.30E+01,7.07E+01,10.76M,1.69%
2016/3/7,7.29E+01,7.22E+01,7.40E+01,7.20E+01,11.24M,0.93%
2016/3/8,7.11E+01,7.24E+01,7.27E+01,7.10E+01,8.67M,-2.50%
2016/3/9,7.24E+01,7.16E+01,7.26E+01,7.07E+01,7.28M,1.91%
2016/3/10,7.20E+01,7.25E+01,7.31E+01,7.06E+01,11.25M,-0.64%
2016/3/11,7.40E+01,7.26E+01,7.40E+01,7.22E+01,11.22M,2.83%
2016/3/14,7.34E+01,7.40E+01,7.44E+01,7.29E+01,11.07M,-0.89%
2016/3/15,7.22E+01,7.26E+01,7.28E+01,7.18E+01,8.37M,-1.53%
2016/3/16,7.35E+01,7.20E+01,7.37E+01,7.19E+01,7.70M,1.76%
2016/3/17,7.43E+01,7.38E+01,7.44E+01,7.35E+01,9.42M,1.02%
2016/3/18,7.63E+01,7.50E+01,7.63E+01,7.47E+01,13.35M,2.69%
2016/3/21,7.81E+01,7.71E+01,7.97E+01,7.69E+01,15.49M,2.44%
2016/3/22,7.82E+01,7.70E+01,7.86E+01,7.69E+01,9.15M,0.09%
2016/3/23,7.66E+01,7.82E+01,7.90E+01,7.62E+01,10.81M,-2.07%
2016/3/24,7.59E+01,7.52E+01,7.62E+01,7.35E+01,8.83M,-0.91%
2016/3/28,7.65E+01,7.65E+01,7.69E+01,7.49E+01,6.08M,0.82%
2016/3/29,7.81E+01,7.56E+01,7.82E+01,7.56E+01,12.54M,2.09%
2016/3/30,7.89E+01,7.90E+01,7.96E+01,7.85E+01,10.70M,1.00%
2016/3/31,7.90E+01,7.85E+01,7.98E+01,7.84E+01,11.32M,0.22%
2016/4/1,7.87E+01,7.82E+01,7.90E+01,7.82E+01,9.26M,-0.38%
2016/4/4,7.91E+01,7.83E+01,7.96E+01,7.83E+01,9.82M,0.44%
2016/4/5,7.73E+01,7.82E+01,7.83E+01,7.69E+01,9.60M,-2.23%
2016/4/6,7.87E+01,7.73E+01,7.92E+01,7.72E+01,9.07M,1.76%
2016/4/7,7.76E+01,7.76E+01,7.86E+01,7.72E+01,10.94M,-1.36%
2016/4/8,7.75E+01,7.83E+01,7.88E+01,7.66E+01,8.40M,-0.18%
2016/4/11,7.77E+01,7.81E+01,7.86E+01,7.74E+01,7.90M,0.31%
2016/4/12,7.79E+01,7.80E+01,7.82E+01,7.69E+01,7.12M,0.19%
2016/4/13,7.96E+01,7.87E+01,7.97E+01,7.85E+01,14.15M,2.29%
2016/4/14,7.96E+01,7.93E+01,7.99E+01,7.84E+01,12.61M,-0.04%
2016/4/15,7.90E+01,7.95E+01,7.98E+01,7.85E+01,11.71M,-0.80%
2016/4/18,7.90E+01,7.85E+01,7.91E+01,7.77E+01,7.77M,0.05%
2016/4/19,7.95E+01,7.92E+01,8.05E+01,7.85E+01,14.74M,0.57%
2016/4/20,8.12E+01,7.90E+01,8.17E+01,7.90E+01,14.91M,2.20%
2016/4/21,8.08E+01,8.11E+01,8.18E+01,8.02E+01,8.82M,-0.53%
2016/4/22,7.99E+01,8.01E+01,8.59E+01,7.92E+01,8.65M,-1.10%
2016/4/25,7.88E+01,7.98E+01,7.98E+01,7.87E+01,9.21M,-1.31%
2016/4/26,7.86E+01,7.89E+01,7.96E+01,7.78E+01,9.63M,-0.29%
2016/4/27,7.77E+01,7.83E+01,7.86E+01,7.66E+01,11.49M,-1.22%
2016/4/28,7.64E+01,7.77E+01,7.79E+01,7.61E+01,9.96M,-1.61%
2016/4/29,7.69E+01,7.68E+01,7.73E+01,7.57E+01,10.12M,0.71%
2016/5/2,7.66E+01,7.69E+01,7.70E+01,7.59E+01,7.72M,-0.43%
2016/5/3,7.59E+01,7.60E+01,7.63E+01,7.54E+01,8.02M,-0.91%
2016/5/4,7.58E+01,7.56E+01,7.59E+01,7.50E+01,14.33M,-0.12%
2016/5/5,7.88E+01,7.95E+01,7.99E+01,7.81E+01,27.95M,3.97%
2016/5/6,7.92E+01,7.84E+01,7.97E+01,7.83E+01,12.86M,0.47%
2016/5/9,7.94E+01,7.89E+01,8.00E+01,7.89E+01,11.80M,0.27%
2016/5/10,7.97E+01,7.98E+01,8.00E+01,7.92E+01,9.32M,0.39%
2016/5/11,7.98E+01,7.94E+01,8.05E+01,7.94E+01,11.07M,0.10%
2016/5/12,7.92E+01,8.00E+01,8.05E+01,7.83E+01,8.79M,-0.80%
2016/5/13,7.72E+01,7.88E+01,7.92E+01,7.70E+01,10.08M,-2.53%
2016/5/16,7.93E+01,7.79E+01,7.99E+01,7.76E+01,11.66M,2.76%
2016/5/17,7.94E+01,7.98E+01,8.02E+01,7.93E+01,10.97M,0.08%
2016/5/18,7.90E+01,7.87E+01,8.00E+01,7.85E+01,9.09M,-0.40%
2016/5/19,7.83E+01,7.87E+01,7.93E+01,7.76E+01,8.32M,-0.90%
2016/5/20,7.88E+01,7.91E+01,7.95E+01,7.84E+01,11.04M,0.60%
2016/5/23,7.90E+01,7.90E+01,7.95E+01,7.86E+01,7.19M,0.27%
2016/5/24,8.11E+01,7.92E+01,8.13E+01,7.91E+01,16.71M,2.68%
2016/5/25,7.56E+01,7.85E+01,7.92E+01,7.41E+01,49.69M,-6.82%
2016/5/26,7.84E+01,7.70E+01,7.89E+01,7.68E+01,26.97M,3.65%
2016/5/27,8.10E+01,7.85E+01,8.10E+01,7.84E+01,24.55M,3.34%
2016/5/31,8.20E+01,8.10E+01,8.20E+01,8.02E+01,78.86M,1.27%
2016/6/1,7.67E+01,7.92E+01,8.01E+01,7.66E+01,62.53M,-6.48%
2016/6/2,7.73E+01,7.67E+01,7.78E+01,7.66E+01,45.38M,0.80%
2016/6/3,7.66E+01,7.72E+01,7.78E+01,7.57E+01,23.69M,-0.88%
2016/6/6,7.81E+01,7.71E+01,7.83E+01,7.67E+01,19.17M,1.88%
2016/6/7,7.78E+01,7.82E+01,7.84E+01,7.73E+01,12.88M,-0.28%
2016/6/8,7.76E+01,7.80E+01,7.85E+01,7.74E+01,11.61M,-0.26%
2016/6/9,7.76E+01,7.74E+01,7.81E+01,7.68E+01,8.99M,-0.10%
2016/6/10,7.59E+01,7.64E+01,7.71E+01,7.58E+01,10.42M,-2.11%
2016/6/13,7.55E+01,7.53E+01,7.65E+01,7.49E+01,11.30M,-0.62%
2016/6/14,7.78E+01,7.69E+01,7.85E+01,7.68E+01,22.36M,3.07%
2016/6/15,7.84E+01,7.83E+01,7.88E+01,7.75E+01,14.73M,0.80%
2016/6/16,7.83E+01,7.78E+01,7.84E+01,7.62E+01,13.57M,-0.15%
2016/6/17,7.70E+01,7.85E+01,7.85E+01,7.65E+01,15.58M,-1.62%
2016/6/20,7.82E+01,7.79E+01,7.88E+01,7.78E+01,9.63M,1.49%
2016/6/21,7.86E+01,7.88E+01,7.91E+01,7.84E+01,8.88M,0.60%
2016/6/22,7.87E+01,7.90E+01,7.91E+01,7.82E+01,8.17M,0.14%
2016/6/23,7.91E+01,7.92E+01,7.95E+01,7.86E+01,8.28M,0.52%
2016/6/24,7.63E+01,7.68E+01,7.75E+01,7.54E+01,18.22M,-3.60%
2016/6/27,7.42E+01,7.58E+01,7.63E+01,7.33E+01,15.25M,-2.70%
2016/6/28,7.63E+01,7.55E+01,7.66E+01,7.55E+01,11.27M,2.76%
2016/6/29,7.80E+01,7.70E+01,7.85E+01,7.69E+01,11.46M,2.31%
2016/6/30,7.95E+01,7.83E+01,7.98E+01,7.83E+01,12.49M,1.91%
2016/7/1,7.97E+01,7.91E+01,8.01E+01,7.91E+01,7.27M,0.15%
2016/7/5,7.90E+01,7.90E+01,7.96E+01,7.84E+01,6.85M,-0.85%
2016/7/6,7.86E+01,7.85E+01,7.88E+01,7.77E+01,7.74M,-0.42%
2016/7/7,7.94E+01,7.90E+01,7.95E+01,7.87E+01,6.82M,0.90%
2016/7/8,7.90E+01,7.84E+01,7.94E+01,7.78E+01,14.03M,-0.45%
2016/7/11,8.15E+01,7.93E+01,8.19E+01,7.92E+01,17.42M,3.13%
2016/7/12,8.17E+01,8.18E+01,8.29E+01,8.15E+01,15.29M,0.34%
2016/7/13,8.06E+01,8.18E+01,8.19E+01,8.04E+01,10.74M,-1.43%
2016/7/14,8.17E+01,8.12E+01,8.22E+01,8.09E+01,9.36M,1.45%
2016/7/15,8.13E+01,8.18E+01,8.25E+01,8.10E+01,8.92M,-0.60%
2016/7/18,8.27E+01,8.06E+01,8.28E+01,8.06E+01,12.11M,1.72%
2016/7/19,8.28E+01,8.25E+01,8.37E+01,8.21E+01,9.80M,0.15%
2016/7/20,8.44E+01,8.33E+01,8.47E+01,8.32E+01,13.99M,1.99%
2016/7/21,8.42E+01,8.47E+01,8.50E+01,8.37E+01,10.19M,-0.28%
2016/7/22,8.45E+01,8.40E+01,8.45E+01,8.38E+01,5.99M,0.37%
2016/7/25,8.32E+01,8.45E+01,8.48E+01,8.26E+01,13.19M,-1.54%
2016/7/26,8.36E+01,8.29E+01,8.36E+01,8.26E+01,7.71M,0.48%
2016/7/27,8.31E+01,8.36E+01,8.36E+01,8.30E+01,11.63M,-0.59%
2016/7/28,8.31E+01,8.35E+01,8.35E+01,8.21E+01,7.48M,0.02%
2016/7/29,8.25E+01,8.34E+01,8.34E+01,8.19E+01,8.71M,-0.77%
2016/8/1,8.43E+01,8.28E+01,8.48E+01,8.26E+01,13.40M,2.26%
2016/8/2,8.38E+01,8.43E+01,8.43E+01,8.29E+01,7.69M,-0.64%
2016/8/3,8.37E+01,8.33E+01,8.38E+01,8.32E+01,5.37M,-0.16%
2016/8/4,8.48E+01,8.38E+01,8.50E+01,8.37E+01,10.73M,1.29%
2016/8/5,8.46E+01,8.50E+01,8.51E+01,8.44E+01,9.40M,-0.19%
2016/8/8,8.50E+01,8.50E+01,8.50E+01,8.43E+01,11.53M,0.48%
2016/8/9,8.52E+01,8.51E+01,8.56E+01,8.48E+01,15.35M,0.28%
2016/8/10,8.73E+01,8.60E+01,8.77E+01,8.60E+01,28.20M,2.45%
2016/8/11,9.18E+01,9.21E+01,9.28E+01,9.13E+01,54.17M,5.08%
2016/8/12,9.83E+01,9.30E+01,9.84E+01,9.29E+01,71.97M,7.06%
2016/8/15,9.72E+01,9.83E+01,9.89E+01,9.68E+01,33.81M,-1.10%
2016/8/16,9.67E+01,9.62E+01,9.72E+01,9.51E+01,27.51M,-0.52%
2016/8/17,9.70E+01,9.62E+01,9.73E+01,9.61E+01,14.98M,0.35%
2016/8/18,9.70E+01,9.73E+01,9.79E+01,9.66E+01,15.01M,0.00%
2016/8/19,9.69E+01,9.69E+01,9.72E+01,9.63E+01,14.27M,-0.14%
2016/8/22,9.57E+01,9.65E+01,9.66E+01,9.48E+01,16.22M,-1.25%
2016/8/23,9.58E+01,9.56E+01,9.65E+01,9.54E+01,9.65M,0.15%
2016/8/24,9.39E+01,9.57E+01,9.63E+01,9.36E+01,12.73M,-1.99%
2016/8/25,9.39E+01,9.38E+01,9.47E+01,9.31E+01,13.04M,0.06%
2016/8/26,9.51E+01,9.42E+01,9.55E+01,9.41E+01,14.13M,1.19%
2016/8/29,9.49E+01,9.46E+01,9.52E+01,9.42E+01,8.82M,-0.19%
2016/8/30,9.60E+01,9.54E+01,9.67E+01,9.52E+01,13.99M,1.18%
2016/8/31,9.72E+01,9.61E+01,9.72E+01,9.60E+01,28.62M,1.24%
2016/9/1,9.74E+01,9.73E+01,9.80E+01,9.70E+01,13.39M,0.24%
2016/9/2,9.93E+01,9.80E+01,9.97E+01,9.80E+01,17.48M,1.88%
2016/9/6,1.04E+02,1.00E+02,1.04E+02,1.00E+02,32.80M,4.56%
2016/9/7,1.02E+02,1.04E+02,1.04E+02,1.02E+02,15.76M,-1.41%
2016/9/8,1.03E+02,1.02E+02,1.04E+02,1.02E+02,15.48M,0.24%
2016/9/9,9.96E+01,1.02E+02,1.02E+02,9.91E+01,21.25M,-2.88%
2016/9/12,1.01E+02,9.74E+01,1.01E+02,9.70E+01,17.32M,1.18%
2016/9/13,1.00E+02,1.00E+02,1.01E+02,9.88E+01,20.00M,-0.52%
2016/9/14,1.02E+02,1.00E+02,1.03E+02,1.00E+02,19.60M,2.11%
2016/9/15,1.04E+02,1.03E+02,1.04E+02,1.03E+02,20.84M,2.00%
2016/9/16,1.05E+02,1.04E+02,1.05E+02,1.04E+02,20.36M,0.18%
2016/9/19,1.03E+02,1.05E+02,1.06E+02,1.02E+02,15.23M,-1.54%
2016/9/20,1.01E+02,1.03E+02,1.04E+02,1.01E+02,12.86M,-1.53%
2016/9/21,1.06E+02,1.02E+02,1.06E+02,1.02E+02,23.00M,4.48%
2016/9/22,1.09E+02,1.08E+02,1.10E+02,1.07E+02,35.63M,3.17%
2016/9/23,1.08E+02,1.08E+02,1.08E+02,1.07E+02,23.08M,-1.51%
2016/9/26,1.06E+02,1.07E+02,1.07E+02,1.05E+02,16.81M,-1.69%
2016/9/27,1.08E+02,1.07E+02,1.08E+02,1.06E+02,17.56M,2.24%
2016/9/28,1.09E+02,1.08E+02,1.10E+02,1.07E+02,16.37M,0.45%
2016/9/29,1.06E+02,1.07E+02,1.07E+02,1.05E+02,30.24M,-2.94%
2016/9/30,1.06E+02,1.07E+02,1.07E+02,1.06E+02,15.58M,0.23%
2016/10/3,1.05E+02,1.05E+02,1.06E+02,1.05E+02,10.85M,-0.39%
2016/10/4,1.05E+02,1.06E+02,1.06E+02,1.05E+02,11.07M,0.07%
2016/10/5,1.07E+02,1.06E+02,1.07E+02,1.06E+02,13.18M,1.43%
2016/10/6,1.07E+02,1.07E+02,1.08E+02,1.06E+02,9.89M,0.11%
2016/10/7,1.06E+02,1.07E+02,1.08E+02,1.06E+02,8.95M,-1.01%
2016/10/10,1.08E+02,1.07E+02,1.09E+02,1.07E+02,11.52M,2.27%
2016/10/11,1.05E+02,1.08E+02,1.08E+02,1.05E+02,14.92M,-2.93%
2016/10/12,1.04E+02,1.05E+02,1.05E+02,1.02E+02,18.44M,-1.53%
2016/10/13,1.02E+02,1.02E+02,1.03E+02,9.90E+01,22.39M,-1.42%
2016/10/14,1.02E+02,1.04E+02,1.05E+02,1.01E+02,12.79M,-0.29%
2016/10/17,1.03E+02,1.02E+02,1.03E+02,1.01E+02,10.35M,0.97%
2016/10/18,1.03E+02,1.04E+02,1.05E+02,1.03E+02,11.11M,0.49%
2016/10/19,1.04E+02,1.04E+02,1.05E+02,1.04E+02,8.92M,0.57%
2016/10/20,1.04E+02,1.04E+02,1.05E+02,1.04E+02,7.11M,-0.08%
2016/10/21,1.04E+02,1.04E+02,1.04E+02,1.03E+02,8.07M,0.09%
2016/10/24,1.05E+02,1.05E+02,1.05E+02,1.04E+02,10.90M,0.54%
2016/10/25,1.04E+02,1.05E+02,1.05E+02,1.04E+02,8.99M,-0.27%
2016/10/26,1.03E+02,1.04E+02,1.04E+02,1.03E+02,7.58M,-1.38%
2016/10/27,1.02E+02,1.03E+02,1.04E+02,1.02E+02,8.81M,-0.39%
2016/10/28,1.02E+02,1.02E+02,1.03E+02,1.02E+02,8.48M,-0.44%
2016/10/31,1.02E+02,1.03E+02,1.03E+02,1.01E+02,15.84M,-0.24%
2016/11/1,1.01E+02,1.00E+02,1.01E+02,9.92E+01,21.29M,-0.53%
2016/11/2,9.85E+01,1.04E+02,1.04E+02,9.73E+01,37.07M,-2.61%
2016/11/3,9.78E+01,9.80E+01,9.93E+01,9.65E+01,17.41M,-0.77%
2016/11/4,9.76E+01,9.69E+01,9.88E+01,9.67E+01,9.05M,-0.18%
2016/11/7,9.94E+01,1.00E+02,1.01E+02,9.92E+01,11.20M,1.82%
2016/11/8,9.99E+01,9.94E+01,1.00E+02,9.84E+01,8.09M,0.50%
2016/11/9,9.67E+01,9.74E+01,9.86E+01,9.58E+01,20.95M,-3.18%
2016/11/10,9.43E+01,9.83E+01,9.85E+01,9.22E+01,27.35M,-2.41%
2016/11/11,9.30E+01,9.39E+01,9.41E+01,9.11E+01,23.73M,-1.43%
2016/11/14,8.98E+01,9.25E+01,9.25E+01,8.79E+01,27.36M,-3.46%
2016/11/15,9.10E+01,9.10E+01,9.35E+01,9.08E+01,16.72M,1.37%
2016/11/16,9.29E+01,9.14E+01,9.37E+01,9.13E+01,14.08M,2.04%
2016/11/17,9.41E+01,9.47E+01,9.50E+01,9.36E+01,10.38M,1.30%
2016/11/18,9.34E+01,9.49E+01,9.53E+01,9.27E+01,10.03M,-0.72%
2016/11/21,9.34E+01,9.41E+01,9.47E+01,9.30E+01,8.96M,0.02%
2016/11/22,9.32E+01,9.42E+01,9.44E+01,9.32E+01,10.40M,-0.21%
2016/11/23,9.30E+01,9.25E+01,9.34E+01,9.15E+01,11.74M,-0.19%
2016/11/25,9.30E+01,9.36E+01,9.38E+01,9.28E+01,4.87M,-0.02%
2016/11/28,9.38E+01,9.30E+01,9.57E+01,9.30E+01,14.34M,0.81%
2016/11/29,9.50E+01,9.37E+01,9.61E+01,9.34E+01,14.15M,1.31%
2016/11/30,9.40E+01,9.53E+01,9.55E+01,9.33E+01,11.45M,-1.02%
2016/12/1,8.99E+01,9.40E+01,9.41E+01,8.92E+01,24.03M,-4.42%
2016/12/2,9.05E+01,9.04E+01,9.17E+01,9.00E+01,11.72M,0.69%
2016/12/5,9.10E+01,9.01E+01,9.14E+01,8.96E+01,8.90M,0.56%
2016/12/6,9.04E+01,9.16E+01,9.19E+01,9.00E+01,7.79M,-0.65%
2016/12/7,9.11E+01,9.05E+01,9.17E+01,8.95E+01,13.24M,0.74%
2016/12/8,9.23E+01,9.18E+01,9.31E+01,9.10E+01,10.92M,1.36%
2016/12/9,9.33E+01,9.25E+01,9.36E+01,9.23E+01,9.18M,1.05%
2016/12/12,9.25E+01,9.21E+01,9.29E+01,9.17E+01,9.36M,-0.87%
2016/12/13,9.22E+01,9.28E+01,9.37E+01,9.19E+01,10.49M,-0.34%
2016/12/14,9.12E+01,9.18E+01,9.23E+01,9.08E+01,9.15M,-1.05%
2016/12/15,8.89E+01,9.00E+01,9.06E+01,8.87E+01,19.22M,-2.57%
2016/12/16,8.87E+01,8.90E+01,9.01E+01,8.86E+01,11.34M,-0.20%
2016/12/19,8.89E+01,8.86E+01,8.98E+01,8.84E+01,10.23M,0.29%
2016/12/20,8.98E+01,8.92E+01,9.03E+01,8.89E+01,8.43M,1.02%
2016/12/21,8.93E+01,9.00E+01,9.04E+01,8.93E+01,9.04M,-0.66%
2016/12/22,8.68E+01,8.79E+01,8.83E+01,8.60E+01,14.40M,-2.75%
2016/12/23,8.68E+01,8.66E+01,8.77E+01,8.66E+01,6.36M,-0.01%
2016/12/27,8.75E+01,8.67E+01,8.79E+01,8.67E+01,5.23M,0.86%
2016/12/28,8.74E+01,8.83E+01,8.88E+01,8.72E+01,6.42M,-0.19%
2016/12/29,8.73E+01,8.78E+01,8.82E+01,8.72E+01,5.47M,-0.05%
2016/12/30,8.78E+01,8.76E+01,8.81E+01,8.72E+01,7.21M,0.55%
2017/1/3,8.86E+01,8.90E+01,8.90E+01,8.81E+01,8.79M,0.90%
2017/1/4,9.05E+01,8.90E+01,9.09E+01,8.86E+01,11.49M,2.16%
2017/1/5,9.44E+01,9.19E+01,9.48E+01,9.16E+01,16.82M,4.26%
2017/1/6,9.39E+01,9.44E+01,9.45E+01,9.30E+01,7.64M,-0.51%
2017/1/9,9.47E+01,9.42E+01,9.57E+01,9.33E+01,10.83M,0.88%
2017/1/10,9.68E+01,9.64E+01,9.79E+01,9.56E+01,14.78M,2.14%
2017/1/11,9.69E+01,9.69E+01,9.75E+01,9.56E+01,8.74M,0.20%
2017/1/12,9.59E+01,9.69E+01,9.69E+01,9.48E+01,8.42M,-1.07%
2017/1/13,9.63E+01,9.60E+01,9.74E+01,9.58E+01,10.70M,0.39%
2017/1/17,9.61E+01,9.63E+01,9.66E+01,9.50E+01,6.34M,-0.16%
2017/1/18,9.60E+01,9.63E+01,9.63E+01,9.53E+01,6.61M,-0.12%
2017/1/19,9.62E+01,9.64E+01,9.67E+01,9.56E+01,7.09M,0.18%
2017/1/20,9.61E+01,9.65E+01,9.72E+01,9.57E+01,9.69M,-0.11%
2017/1/23,9.84E+01,9.65E+01,9.87E+01,9.63E+01,14.09M,2.45%
2017/1/24,1.01E+02,1.03E+02,1.03E+02,9.99E+01,37.18M,3.07%
2017/1/25,1.04E+02,1.02E+02,1.04E+02,1.02E+02,23.32M,2.59%
2017/1/26,1.03E+02,1.04E+02,1.05E+02,1.02E+02,12.50M,-1.26%
2017/1/27,1.02E+02,1.02E+02,1.03E+02,1.01E+02,8.03M,-0.66%
2017/1/30,1.01E+02,1.01E+02,1.01E+02,1.00E+02,8.62M,-1.03%
2017/1/31,1.01E+02,1.00E+02,1.02E+02,1.00E+02,7.53M,0.29%
2017/2/1,1.02E+02,1.02E+02,1.02E+02,1.01E+02,5.74M,0.26%
2017/2/2,1.01E+02,1.01E+02,1.01E+02,1.01E+02,5.37M,-0.72%
2017/2/3,1.00E+02,1.02E+02,1.02E+02,1.00E+02,6.20M,-0.45%
2017/2/6,1.01E+02,1.00E+02,1.02E+02,1.00E+02,6.87M,0.51%
2017/2/7,1.01E+02,1.01E+02,1.02E+02,1.01E+02,5.66M,-0.07%
2017/2/8,1.04E+02,1.02E+02,1.04E+02,1.01E+02,10.18M,2.72%
2017/2/9,1.03E+02,1.03E+02,1.04E+02,1.03E+02,8.44M,-0.22%
2017/2/10,1.02E+02,1.04E+02,1.04E+02,1.02E+02,7.68M,-0.95%
2017/2/13,1.03E+02,1.03E+02,1.04E+02,1.03E+02,9.73M,0.72%
2017/2/14,1.02E+02,1.03E+02,1.04E+02,1.01E+02,10.24M,-1.46%
2017/2/15,1.02E+02,1.02E+02,1.02E+02,1.00E+02,12.38M,-0.04%
2017/2/16,1.01E+02,1.02E+02,1.02E+02,1.01E+02,7.46M,-0.72%
2017/2/17,1.01E+02,1.01E+02,1.02E+02,1.00E+02,8.26M,-0.30%
2017/2/21,1.02E+02,1.01E+02,1.03E+02,1.01E+02,8.19M,1.59%
2017/2/22,1.04E+02,1.02E+02,1.05E+02,1.02E+02,15.78M,2.04%
2017/2/23,1.02E+02,1.05E+02,1.05E+02,1.02E+02,10.10M,-1.67%
2017/2/24,1.03E+02,1.01E+02,1.03E+02,1.01E+02,7.36M,0.48%
2017/2/27,1.04E+02,1.03E+02,1.04E+02,1.02E+02,6.87M,0.63%
2017/2/28,1.03E+02,1.04E+02,1.04E+02,1.02E+02,8.02M,-0.68%
2017/3/1,1.04E+02,1.04E+02,1.05E+02,1.03E+02,10.33M,1.11%
2017/3/2,1.03E+02,1.04E+02,1.05E+02,1.03E+02,7.98M,-0.82%
2017/3/3,1.03E+02,1.03E+02,1.03E+02,1.02E+02,6.32M,0.12%
2017/3/6,1.02E+02,1.03E+02,1.03E+02,1.02E+02,6.29M,-0.97%
2017/3/7,1.03E+02,1.02E+02,1.03E+02,1.02E+02,4.99M,0.31%
2017/3/8,1.03E+02,1.03E+02,1.04E+02,1.03E+02,7.07M,0.57%
2017/3/9,1.03E+02,1.03E+02,1.04E+02,1.03E+02,4.52M,0.02%
2017/3/10,1.03E+02,1.03E+02,1.04E+02,1.03E+02,4.12M,0.15%
2017/3/13,1.05E+02,1.04E+02,1.06E+02,1.03E+02,16.12M,1.73%
2017/3/14,1.04E+02,1.05E+02,1.06E+02,1.04E+02,7.75M,-0.88%
2017/3/15,1.04E+02,1.04E+02,1.04E+02,1.03E+02,11.70M,-0.54%
2017/3/16,1.06E+02,1.05E+02,1.06E+02,1.04E+02,12.45M,1.87%
2017/3/17,1.06E+02,1.05E+02,1.07E+02,1.05E+02,8.78M,-0.02%
2017/3/20,1.07E+02,1.06E+02,1.08E+02,1.06E+02,12.45M,1.55%
2017/3/21,1.05E+02,1.08E+02,1.09E+02,1.05E+02,13.88M,-2.01%
2017/3/22,1.06E+02,1.05E+02,1.06E+02,1.04E+02,7.15M,0.95%
2017/3/23,1.08E+02,1.07E+02,1.09E+02,1.06E+02,13.41M,2.04%
2017/3/24,1.08E+02,1.08E+02,1.09E+02,1.07E+02,7.58M,-0.19%
2017/3/27,1.08E+02,1.07E+02,1.08E+02,1.07E+02,7.71M,0.04%
2017/3/28,1.08E+02,1.08E+02,1.09E+02,1.07E+02,6.47M,-0.26%
2017/3/29,1.10E+02,1.08E+02,1.10E+02,1.08E+02,8.79M,1.59%
2017/3/30,1.09E+02,1.10E+02,1.10E+02,1.09E+02,10.59M,-0.60%
2017/3/31,1.08E+02,1.09E+02,1.09E+02,1.08E+02,9.00M,-0.94%
2017/4/3,1.08E+02,1.09E+02,1.09E+02,1.08E+02,8.39M,0.24%
2017/4/4,1.08E+02,1.08E+02,1.08E+02,1.07E+02,6.48M,-0.53%
2017/4/5,1.07E+02,1.08E+02,1.09E+02,1.07E+02,8.21M,-0.07%
2017/4/6,1.08E+02,1.08E+02,1.08E+02,1.07E+02,5.21M,0.56%
2017/4/7,1.09E+02,1.08E+02,1.09E+02,1.07E+02,8.35M,0.88%
2017/4/10,1.12E+02,1.09E+02,1.12E+02,1.09E+02,14.80M,2.49%
2017/4/11,1.10E+02,1.11E+02,1.12E+02,1.09E+02,10.01M,-1.13%
2017/4/12,1.11E+02,1.11E+02,1.12E+02,1.10E+02,8.10M,0.17%
2017/4/13,1.10E+02,1.11E+02,1.11E+02,1.10E+02,6.86M,-0.38%
2017/4/17,1.12E+02,1.11E+02,1.12E+02,1.10E+02,7.13M,1.41%
2017/4/18,1.11E+02,1.11E+02,1.12E+02,1.11E+02,8.31M,-0.47%
2017/4/19,1.11E+02,1.12E+02,1.12E+02,1.11E+02,9.60M,-0.42%
2017/4/20,1.13E+02,1.12E+02,1.14E+02,1.11E+02,13.77M,1.99%
2017/4/21,1.13E+02,1.13E+02,1.13E+02,1.12E+02,8.97M,0.13%
2017/4/24,1.15E+02,1.14E+02,1.15E+02,1.14E+02,13.39M,1.55%
2017/4/25,1.15E+02,1.16E+02,1.16E+02,1.15E+02,11.43M,0.54%
2017/4/26,1.15E+02,1.15E+02,1.16E+02,1.15E+02,6.68M,-0.44%
2017/4/27,1.15E+02,1.15E+02,1.16E+02,1.15E+02,9.44M,0.40%
2017/4/28,1.16E+02,1.16E+02,1.16E+02,1.15E+02,6.98M,0.06%
2017/5/1,1.17E+02,1.16E+02,1.17E+02,1.16E+02,7.33M,1.02%
2017/5/2,1.18E+02,1.17E+02,1.19E+02,1.17E+02,10.05M,1.21%
2017/5/3,1.17E+02,1.18E+02,1.18E+02,1.15E+02,10.59M,-1.29%
2017/5/4,1.16E+02,1.16E+02,1.16E+02,1.15E+02,6.98M,-0.61%
2017/5/5,1.16E+02,1.16E+02,1.16E+02,1.15E+02,7.10M,0.16%
2017/5/8,1.17E+02,1.17E+02,1.18E+02,1.16E+02,6.46M,0.71%
2017/5/9,1.20E+02,1.19E+02,1.20E+02,1.18E+02,15.22M,2.69%
2017/5/10,1.20E+02,1.20E+02,1.20E+02,1.19E+02,9.35M,-0.02%
2017/5/11,1.20E+02,1.20E+02,1.21E+02,1.18E+02,11.38M,0.15%
2017/5/12,1.20E+02,1.20E+02,1.20E+02,1.20E+02,9.82M,0.15%
2017/5/15,1.21E+02,1.21E+02,1.21E+02,1.20E+02,11.13M,0.88%
2017/5/16,1.24E+02,1.22E+02,1.24E+02,1.22E+02,18.22M,2.16%
2017/5/17,1.21E+02,1.23E+02,1.24E+02,1.21E+02,19.83M,-2.66%
2017/5/18,1.21E+02,1.16E+02,1.23E+02,1.14E+02,37.12M,0.46%
2017/5/19,1.23E+02,1.24E+02,1.26E+02,1.23E+02,21.10M,1.61%
2017/5/22,1.25E+02,1.25E+02,1.26E+02,1.24E+02,13.49M,1.24%
2017/5/23,1.23E+02,1.25E+02,1.26E+02,1.23E+02,14.37M,-1.46%
2017/5/24,1.23E+02,1.23E+02,1.24E+02,1.22E+02,8.38M,-0.10%
2017/5/25,1.24E+02,1.24E+02,1.24E+02,1.22E+02,12.49M,0.67%
2017/5/26,1.24E+02,1.24E+02,1.25E+02,1.23E+02,7.56M,0.29%
2017/5/30,1.24E+02,1.24E+02,1.25E+02,1.24E+02,8.34M,-0.06%
2017/5/31,1.22E+02,1.24E+02,1.24E+02,1.22E+02,11.58M,-1.17%
2017/6/1,1.24E+02,1.23E+02,1.24E+02,1.22E+02,8.90M,1.23%
2017/6/2,1.24E+02,1.24E+02,1.25E+02,1.23E+02,7.34M,0.13%
2017/6/5,1.25E+02,1.24E+02,1.26E+02,1.24E+02,10.03M,1.00%
2017/6/6,1.25E+02,1.26E+02,1.26E+02,1.24E+02,9.26M,-0.60%
2017/6/7,1.26E+02,1.25E+02,1.26E+02,1.24E+02,9.43M,0.82%
2017/6/8,1.42E+02,1.43E+02,1.44E+02,1.35E+02,81.38M,13.29%
2017/6/9,1.39E+02,1.45E+02,1.48E+02,1.37E+02,54.37M,-2.04%
2017/6/12,1.39E+02,1.39E+02,1.42E+02,1.36E+02,32.18M,-0.26%
2017/6/13,1.37E+02,1.42E+02,1.42E+02,1.36E+02,40.88M,-1.78%
2017/6/14,1.37E+02,1.38E+02,1.39E+02,1.35E+02,32.86M,0.05%
2017/6/15,1.35E+02,1.36E+02,1.36E+02,1.33E+02,30.51M,-1.16%
2017/6/16,1.35E+02,1.36E+02,1.37E+02,1.34E+02,36.43M,-0.16%
2017/6/19,1.39E+02,1.38E+02,1.40E+02,1.37E+02,24.95M,3.41%
2017/6/20,1.38E+02,1.40E+02,1.41E+02,1.38E+02,20.58M,-0.78%
2017/6/21,1.43E+02,1.39E+02,1.44E+02,1.38E+02,30.91M,3.55%
2017/6/22,1.42E+02,1.42E+02,1.45E+02,1.41E+02,21.90M,-0.71%
2017/6/23,1.43E+02,1.42E+02,1.43E+02,1.42E+02,11.76M,0.52%
2017/6/26,1.43E+02,1.44E+02,1.45E+02,1.41E+02,17.83M,-0.20%
2017/6/27,1.42E+02,1.44E+02,1.44E+02,1.41E+02,17.37M,-0.84%
2017/6/28,1.44E+02,1.43E+02,1.44E+02,1.41E+02,17.76M,1.71%
2017/6/29,1.41E+02,1.43E+02,1.44E+02,1.38E+02,24.13M,-2.18%
2017/6/30,1.41E+02,1.41E+02,1.42E+02,1.40E+02,12.28M,0.06%
2017/7/3,1.41E+02,1.42E+02,1.42E+02,1.40E+02,6.98M,0.06%
2017/7/5,1.45E+02,1.41E+02,1.45E+02,1.40E+02,17.00M,2.75%
2017/7/6,1.42E+02,1.43E+02,1.44E+02,1.42E+02,11.93M,-1.84%
2017/7/7,1.42E+02,1.43E+02,1.43E+02,1.42E+02,8.05M,0.16%
2017/7/10,1.44E+02,1.43E+02,1.44E+02,1.42E+02,10.35M,0.97%
2017/7/11,1.46E+02,1.44E+02,1.46E+02,1.43E+02,13.52M,1.39%
2017/7/12,1.49E+02,1.47E+02,1.49E+02,1.47E+02,14.96M,2.19%
2017/7/13,1.50E+02,1.50E+02,1.50E+02,1.48E+02,11.68M,0.35%
2017/7/14,1.52E+02,1.50E+02,1.52E+02,1.50E+02,11.47M,1.54%
2017/7/17,1.51E+02,1.54E+02,1.54E+02,1.50E+02,15.34M,-0.40%
2017/7/18,1.54E+02,1.51E+02,1.55E+02,1.50E+02,15.31M,1.67%
2017/7/19,1.53E+02,1.55E+02,1.56E+02,1.53E+02,16.90M,-0.39%
2017/7/20,1.52E+02,1.54E+02,1.54E+02,1.52E+02,16.74M,-0.68%
2017/7/21,1.52E+02,1.52E+02,1.52E+02,1.50E+02,11.45M,-0.14%
2017/7/24,1.52E+02,1.53E+02,1.53E+02,1.52E+02,10.65M,0.24%
2017/7/25,1.52E+02,1.52E+02,1.53E+02,1.51E+02,8.46M,0.12%
2017/7/26,1.56E+02,1.53E+02,1.56E+02,1.52E+02,14.47M,2.20%
2017/7/27,1.54E+02,1.58E+02,1.60E+02,1.51E+02,26.06M,-1.05%
2017/7/28,1.58E+02,1.54E+02,1.59E+02,1.53E+02,14.45M,2.21%
2017/7/31,1.55E+02,1.59E+02,1.59E+02,1.54E+02,17.78M,-1.66%
2017/8/1,1.55E+02,1.56E+02,1.57E+02,1.54E+02,12.04M,-0.14%
2017/8/2,1.52E+02,1.55E+02,1.56E+02,1.49E+02,19.53M,-1.82%
2017/8/3,1.53E+02,1.52E+02,1.54E+02,1.50E+02,12.44M,0.93%
2017/8/4,1.53E+02,1.54E+02,1.54E+02,1.52E+02,10.04M,0.01%
2017/8/7,1.59E+02,1.55E+02,1.59E+02,1.54E+02,15.91M,3.59%
2017/8/8,1.58E+02,1.59E+02,1.60E+02,1.57E+02,15.45M,-0.84%
2017/8/9,1.57E+02,1.56E+02,1.58E+02,1.55E+02,11.02M,-0.01%
2017/8/10,1.52E+02,1.56E+02,1.57E+02,1.51E+02,19.30M,-3.63%
2017/8/11,1.52E+02,1.51E+02,1.53E+02,1.48E+02,22.33M,-0.05%
2017/8/14,1.55E+02,1.55E+02,1.55E+02,1.53E+02,14.60M,1.92%
2017/8/15,1.58E+02,1.56E+02,1.58E+02,1.54E+02,18.64M,2.03%
2017/8/16,1.60E+02,1.60E+02,1.60E+02,1.59E+02,21.32M,1.11%
2017/8/17,1.64E+02,1.66E+02,1.68E+02,1.64E+02,56.84M,2.77%
2017/8/18,1.68E+02,1.65E+02,1.70E+02,1.64E+02,31.49M,2.18%
2017/8/21,1.69E+02,1.68E+02,1.71E+02,1.67E+02,22.35M,1.04%
2017/8/22,1.74E+02,1.70E+02,1.75E+02,1.70E+02,24.48M,3.08%
2017/8/23,1.76E+02,1.73E+02,1.76E+02,1.73E+02,21.94M,0.77%
2017/8/24,1.75E+02,1.77E+02,1.77E+02,1.74E+02,20.80M,-0.46%
2017/8/25,1.72E+02,1.75E+02,1.75E+02,1.71E+02,24.18M,-1.86%
2017/8/28,1.68E+02,1.71E+02,1.71E+02,1.67E+02,24.62M,-2.00%
2017/8/29,1.67E+02,1.65E+02,1.69E+02,1.64E+02,19.59M,-0.53%
2017/8/30,1.71E+02,1.69E+02,1.72E+02,1.69E+02,17.77M,2.29%
2017/8/31,1.72E+02,1.73E+02,1.73E+02,1.70E+02,16.49M,0.29%
2017/9/1,1.71E+02,1.72E+02,1.72E+02,1.71E+02,11.17M,-0.41%
2017/9/5,1.70E+02,1.69E+02,1.72E+02,1.69E+02,15.02M,-0.65%
2017/9/6,1.68E+02,1.70E+02,1.71E+02,1.67E+02,19.99M,-1.05%
2017/9/7,1.70E+02,1.69E+02,1.71E+02,1.68E+02,15.14M,1.39%
2017/9/8,1.69E+02,1.70E+02,1.71E+02,1.69E+02,12.35M,-0.87%
2017/9/11,1.74E+02,1.72E+02,1.74E+02,1.72E+02,18.26M,2.99%
2017/9/12,1.75E+02,1.75E+02,1.76E+02,1.73E+02,15.63M,0.72%
2017/9/13,1.79E+02,1.76E+02,1.79E+02,1.76E+02,22.06M,2.09%
2017/9/14,1.77E+02,1.78E+02,1.80E+02,1.76E+02,22.83M,-1.04%
2017/9/15,1.77E+02,1.78E+02,1.80E+02,1.77E+02,26.57M,-0.23%
2017/9/18,1.80E+02,1.79E+02,1.80E+02,1.78E+02,22.92M,1.86%
2017/9/19,1.80E+02,1.81E+02,1.81E+02,1.79E+02,14.75M,0.05%
2017/9/20,1.78E+02,1.80E+02,1.81E+02,1.76E+02,15.40M,-1.18%
2017/9/21,1.77E+02,1.78E+02,1.79E+02,1.75E+02,14.58M,-0.31%
2017/9/22,1.78E+02,1.76E+02,1.78E+02,1.76E+02,12.75M,0.42%
2017/9/25,1.70E+02,1.76E+02,1.77E+02,1.68E+02,34.03M,-4.80%
2017/9/26,1.67E+02,1.70E+02,1.72E+02,1.67E+02,23.70M,-1.52%
2017/9/27,1.71E+02,1.70E+02,1.72E+02,1.69E+02,19.44M,2.38%
2017/9/28,1.70E+02,1.71E+02,1.72E+02,1.70E+02,13.96M,-0.44%
2017/9/29,1.73E+02,1.71E+02,1.74E+02,1.71E+02,13.40M,1.45%
2017/10/2,1.74E+02,1.75E+02,1.75E+02,1.73E+02,12.56M,0.52%
2017/10/3,1.79E+02,1.76E+02,1.79E+02,1.74E+02,16.71M,2.85%
2017/10/4,1.79E+02,1.78E+02,1.80E+02,1.77E+02,11.42M,0.08%
2017/10/5,1.79E+02,1.79E+02,1.80E+02,1.76E+02,11.90M,0.10%
2017/10/6,1.79E+02,1.78E+02,1.80E+02,1.78E+02,8.75M,0.17%
2017/10/9,1.82E+02,1.79E+02,1.83E+02,1.79E+02,15.01M,1.61%
2017/10/10,1.83E+02,1.82E+02,1.84E+02,1.81E+02,13.20M,0.57%
2017/10/11,1.85E+02,1.83E+02,1.85E+02,1.83E+02,11.97M,0.86%
2017/10/12,1.81E+02,1.84E+02,1.84E+02,1.80E+02,15.44M,-2.25%
2017/10/13,1.78E+02,1.81E+02,1.81E+02,1.78E+02,18.11M,-1.15%
2017/10/16,1.80E+02,1.80E+02,1.80E+02,1.79E+02,12.86M,0.62%
2017/10/17,1.75E+02,1.80E+02,1.80E+02,1.75E+02,20.13M,-2.36%
2017/10/18,1.80E+02,1.77E+02,1.80E+02,1.76E+02,21.77M,2.45%
2017/10/19,1.78E+02,1.77E+02,1.80E+02,1.75E+02,13.54M,-0.94%
2017/10/20,1.77E+02,1.79E+02,1.80E+02,1.77E+02,11.95M,-0.34%
2017/10/23,1.73E+02,1.78E+02,1.78E+02,1.73E+02,17.61M,-2.36%
2017/10/24,1.74E+02,1.74E+02,1.76E+02,1.73E+02,11.95M,0.33%
2017/10/25,1.70E+02,1.75E+02,1.75E+02,1.69E+02,18.11M,-2.00%
2017/10/26,1.70E+02,1.71E+02,1.71E+02,1.69E+02,13.53M,0.06%
2017/10/27,1.76E+02,1.73E+02,1.77E+02,1.71E+02,19.71M,3.42%
2017/10/30,1.82E+02,1.78E+02,1.82E+02,1.78E+02,20.22M,3.08%
2017/10/31,1.85E+02,1.84E+02,1.85E+02,1.82E+02,21.26M,1.82%
2017/11/1,1.86E+02,1.88E+02,1.89E+02,1.84E+02,28.59M,0.64%
2017/11/2,1.85E+02,1.91E+02,1.91E+02,1.83E+02,41.24M,-0.68%
2017/11/3,1.83E+02,1.87E+02,1.87E+02,1.82E+02,19.70M,-0.87%
2017/11/6,1.88E+02,1.84E+02,1.88E+02,1.84E+02,19.87M,2.53%
2017/11/7,1.89E+02,1.90E+02,1.90E+02,1.87E+02,17.78M,0.36%
2017/11/8,1.86E+02,1.88E+02,1.88E+02,1.85E+02,13.94M,-1.38%
2017/11/9,1.85E+02,1.84E+02,1.85E+02,1.81E+02,19.76M,-0.41%
2017/11/10,1.86E+02,1.87E+02,1.87E+02,1.85E+02,15.03M,0.69%
2017/11/13,1.85E+02,1.87E+02,1.88E+02,1.84E+02,17.19M,-1.00%
2017/11/14,1.82E+02,1.84E+02,1.84E+02,1.81E+02,14.48M,-1.49%
2017/11/15,1.81E+02,1.79E+02,1.82E+02,1.77E+02,16.57M,-0.17%
2017/11/16,1.85E+02,1.83E+02,1.86E+02,1.83E+02,18.39M,2.18%
2017/11/17,1.85E+02,1.86E+02,1.87E+02,1.85E+02,13.42M,-0.16%
2017/11/20,1.88E+02,1.88E+02,1.90E+02,1.87E+02,25.99M,1.55%
2017/11/21,1.91E+02,1.90E+02,1.92E+02,1.89E+02,19.64M,1.54%
2017/11/22,1.90E+02,1.92E+02,1.92E+02,1.89E+02,14.42M,-0.56%
2017/11/24,1.91E+02,1.89E+02,1.92E+02,1.89E+02,9.89M,0.71%
2017/11/27,1.88E+02,1.90E+02,1.91E+02,1.88E+02,14.95M,-1.65%
2017/11/28,1.87E+02,1.89E+02,1.89E+02,1.87E+02,13.38M,-0.71%
2017/11/29,1.80E+02,1.85E+02,1.85E+02,1.74E+02,40.20M,-3.63%
2017/11/30,1.77E+02,1.80E+02,1.80E+02,1.76E+02,25.85M,-1.57%
2017/12/1,1.75E+02,1.75E+02,1.80E+02,1.74E+02,26.78M,-1.39%
2017/12/4,1.70E+02,1.77E+02,1.78E+02,1.68E+02,35.90M,-2.88%
2017/12/5,1.69E+02,1.65E+02,1.73E+02,1.64E+02,31.61M,-0.37%
2017/12/6,1.73E+02,1.68E+02,1.73E+02,1.68E+02,23.90M,2.17%
2017/12/7,1.74E+02,1.74E+02,1.76E+02,1.72E+02,15.70M,1.07%
2017/12/8,1.78E+02,1.78E+02,1.79E+02,1.76E+02,23.54M,1.81%
2017/12/11,1.79E+02,1.79E+02,1.81E+02,1.78E+02,15.63M,0.94%
2017/12/12,1.75E+02,1.78E+02,1.78E+02,1.74E+02,22.66M,-2.59%
2017/12/13,1.76E+02,1.75E+02,1.78E+02,1.74E+02,18.65M,1.05%
2017/12/14,1.72E+02,1.73E+02,1.73E+02,1.70E+02,32.83M,-2.67%
2017/12/15,1.74E+02,1.73E+02,1.74E+02,1.70E+02,41.36M,1.05%
2017/12/18,1.73E+02,1.75E+02,1.75E+02,1.72E+02,17.02M,-0.10%
2017/12/19,1.71E+02,1.72E+02,1.73E+02,1.71E+02,23.94M,-1.21%
2017/12/20,1.73E+02,1.72E+02,1.73E+02,1.71E+02,17.12M,0.79%
2017/12/21,1.75E+02,1.73E+02,1.76E+02,1.73E+02,14.81M,1.55%
2017/12/22,1.76E+02,1.76E+02,1.77E+02,1.75E+02,12.52M,0.55%
2017/12/26,1.72E+02,1.75E+02,1.75E+02,1.72E+02,12.91M,-2.25%
2017/12/27,1.73E+02,1.72E+02,1.74E+02,1.72E+02,10.15M,0.37%
2017/12/28,1.72E+02,1.73E+02,1.74E+02,1.72E+02,9.51M,-0.39%
2017/12/29,1.72E+02,1.72E+02,1.74E+02,1.71E+02,9.70M,0.08%
2018/1/2,1.84E+02,1.76E+02,1.84E+02,1.76E+02,29.92M,6.51%
2018/1/3,1.84E+02,1.85E+02,1.86E+02,1.81E+02,20.12M,0.19%
2018/1/4,1.86E+02,1.86E+02,1.88E+02,1.84E+02,19.47M,0.93%
2018/1/5,1.91E+02,1.87E+02,1.91E+02,1.86E+02,18.17M,2.69%
2018/1/8,1.90E+02,1.90E+02,1.92E+02,1.89E+02,16.23M,-0.19%
2018/1/9,1.91E+02,1.91E+02,1.92E+02,1.88E+02,19.50M,0.25%
2018/1/10,1.90E+02,1.88E+02,1.90E+02,1.87E+02,17.94M,-0.53%
2018/1/11,1.89E+02,1.90E+02,1.90E+02,1.88E+02,12.40M,-0.55%
2018/1/12,1.88E+02,1.90E+02,1.90E+02,1.87E+02,11.79M,-0.51%
2018/1/16,1.82E+02,1.90E+02,1.92E+02,1.82E+02,27.43M,-2.87%
2018/1/17,1.84E+02,1.83E+02,1.85E+02,1.79E+02,21.35M,0.78%
2018/1/18,1.84E+02,1.84E+02,1.86E+02,1.83E+02,14.19M,0.31%
2018/1/19,1.84E+02,1.85E+02,1.85E+02,1.83E+02,15.35M,-0.19%
2018/1/22,1.84E+02,1.85E+02,1.85E+02,1.82E+02,16.02M,-0.02%
2018/1/23,1.92E+02,1.85E+02,1.92E+02,1.84E+02,31.31M,4.49%
2018/1/24,1.96E+02,1.95E+02,1.99E+02,1.92E+02,34.50M,1.69%
2018/1/25,1.98E+02,1.96E+02,2.00E+02,1.94E+02,23.42M,1.43%
2018/1/26,2.05E+02,2.00E+02,2.05E+02,1.99E+02,23.77M,3.47%
2018/1/29,2.03E+02,2.05E+02,2.06E+02,2.02E+02,21.91M,-1.08%
2018/1/30,2.00E+02,1.99E+02,2.03E+02,1.96E+02,23.38M,-1.65%
2018/1/31,2.04E+02,2.03E+02,2.06E+02,2.03E+02,26.98M,2.32%
2018/2/1,1.92E+02,1.93E+02,1.99E+02,1.91E+02,52.63M,-5.91%
2018/2/2,1.87E+02,1.95E+02,1.96E+02,1.87E+02,32.23M,-2.55%
2018/2/5,1.81E+02,1.84E+02,1.90E+02,1.80E+02,31.08M,-3.62%
2018/2/6,1.85E+02,1.75E+02,1.86E+02,1.74E+02,35.80M,2.57%
2018/2/7,1.80E+02,1.84E+02,1.87E+02,1.80E+02,19.67M,-2.63%
2018/2/8,1.74E+02,1.82E+02,1.83E+02,1.71E+02,32.05M,-3.66%
2018/2/9,1.77E+02,1.75E+02,1.78E+02,1.69E+02,28.05M,1.71%
2018/2/12,1.77E+02,1.80E+02,1.81E+02,1.75E+02,18.28M,0.44%
2018/2/13,1.79E+02,1.77E+02,1.82E+02,1.77E+02,15.51M,1.02%
2018/2/14,1.87E+02,1.79E+02,1.87E+02,1.79E+02,21.05M,4.19%
2018/2/15,1.87E+02,1.89E+02,1.90E+02,1.84E+02,14.36M,0.37%
2018/2/16,1.84E+02,1.87E+02,1.88E+02,1.84E+02,16.11M,-2.01%
2018/2/20,1.87E+02,1.84E+02,1.89E+02,1.83E+02,14.85M,1.91%
2018/2/21,1.89E+02,1.89E+02,1.93E+02,1.88E+02,22.07M,0.87%
2018/2/22,1.89E+02,1.90E+02,1.91E+02,1.88E+02,12.28M,-0.04%
2018/2/23,1.93E+02,1.90E+02,1.93E+02,1.90E+02,16.94M,2.41%
2018/2/26,1.94E+02,1.94E+02,1.95E+02,1.91E+02,19.46M,0.47%
2018/2/27,1.88E+02,1.93E+02,1.94E+02,1.87E+02,23.22M,-3.05%
2018/2/28,1.86E+02,1.87E+02,1.88E+02,1.85E+02,19.37M,-1.13%
2018/3/1,1.82E+02,1.86E+02,1.87E+02,1.80E+02,17.29M,-2.23%
2018/3/2,1.80E+02,1.78E+02,1.80E+02,1.75E+02,18.91M,-1.23%
2018/3/5,1.82E+02,1.79E+02,1.82E+02,1.77E+02,15.66M,1.02%
2018/3/6,1.87E+02,1.85E+02,1.88E+02,1.85E+02,17.86M,3.18%
2018/3/7,1.89E+02,1.84E+02,1.89E+02,1.84E+02,13.73M,0.90%
2018/3/8,1.87E+02,1.89E+02,1.90E+02,1.87E+02,14.33M,-0.99%
2018/3/9,1.91E+02,1.90E+02,1.91E+02,1.88E+02,14.21M,1.80%
2018/3/12,1.93E+02,1.92E+02,1.94E+02,1.91E+02,17.83M,1.15%
2018/3/13,1.88E+02,1.94E+02,1.94E+02,1.87E+02,14.83M,-2.25%
2018/3/14,1.93E+02,1.90E+02,1.94E+02,1.90E+02,20.03M,2.20%
2018/3/15,1.99E+02,1.98E+02,2.02E+02,1.97E+02,33.63M,3.38%
2018/3/16,2.00E+02,1.98E+02,2.00E+02,1.97E+02,26.95M,0.61%
2018/3/19,1.95E+02,1.98E+02,1.98E+02,1.93E+02,19.68M,-2.87%
2018/3/20,1.99E+02,1.95E+02,1.99E+02,1.95E+02,11.95M,2.27%
2018/3/21,1.95E+02,1.99E+02,1.99E+02,1.95E+02,12.05M,-1.83%
2018/3/22,1.85E+02,1.91E+02,1.92E+02,1.85E+02,25.36M,-5.45%
2018/3/23,1.81E+02,1.87E+02,1.88E+02,1.80E+02,18.71M,-1.87%
2018/3/26,1.91E+02,1.88E+02,1.91E+02,1.84E+02,16.76M,5.13%
2018/3/27,1.82E+02,1.92E+02,1.92E+02,1.81E+02,16.63M,-4.52%
2018/3/28,1.79E+02,1.81E+02,1.83E+02,1.78E+02,20.08M,-1.64%
2018/3/29,1.84E+02,1.81E+02,1.85E+02,1.79E+02,16.38M,2.59%
2018/4/2,1.78E+02,1.83E+02,1.84E+02,1.76E+02,16.03M,-3.23%
2018/4/3,1.75E+02,1.79E+02,1.80E+02,1.73E+02,19.98M,-1.66%
2018/4/4,1.72E+02,1.67E+02,1.72E+02,1.66E+02,24.57M,-1.49%
2018/4/5,1.73E+02,1.75E+02,1.77E+02,1.71E+02,18.25M,0.29%
2018/4/6,1.68E+02,1.70E+02,1.72E+02,1.66E+02,18.21M,-2.93%
2018/4/9,1.70E+02,1.70E+02,1.73E+02,1.69E+02,14.72M,1.40%
2018/4/10,1.77E+02,1.75E+02,1.78E+02,1.74E+02,20.60M,4.26%
2018/4/11,1.75E+02,1.76E+02,1.78E+02,1.75E+02,10.17M,-0.98%
2018/4/12,1.76E+02,1.76E+02,1.78E+02,1.75E+02,11.13M,0.32%
2018/4/13,1.72E+02,1.77E+02,1.77E+02,1.71E+02,13.53M,-2.21%
2018/4/16,1.75E+02,1.72E+02,1.75E+02,1.71E+02,9.88M,1.55%
2018/4/17,1.79E+02,1.75E+02,1.79E+02,1.75E+02,16.29M,2.29%
2018/4/18,1.83E+02,1.79E+02,1.83E+02,1.78E+02,16.97M,2.23%
2018/4/19,1.81E+02,1.83E+02,1.84E+02,1.80E+02,11.99M,-0.71%
2018/4/20,1.79E+02,1.79E+02,1.81E+02,1.78E+02,14.47M,-1.26%
2018/4/23,1.76E+02,1.79E+02,1.79E+02,1.75E+02,12.03M,-1.98%
2018/4/24,1.73E+02,1.78E+02,1.78E+02,1.71E+02,14.57M,-1.41%
2018/4/25,1.70E+02,1.71E+02,1.71E+02,1.67E+02,17.13M,-1.66%
2018/4/26,1.74E+02,1.73E+02,1.74E+02,1.72E+02,13.40M,2.16%
2018/4/27,1.77E+02,1.77E+02,1.78E+02,1.74E+02,15.06M,1.87%
2018/4/30,1.79E+02,1.78E+02,1.80E+02,1.77E+02,14.65M,0.78%
2018/5/1,1.80E+02,1.78E+02,1.80E+02,1.77E+02,10.79M,0.54%
2018/5/2,1.81E+02,1.81E+02,1.84E+02,1.80E+02,20.68M,1.09%
2018/5/3,1.82E+02,1.84E+02,1.84E+02,1.76E+02,26.26M,0.55%
2018/5/4,1.89E+02,1.80E+02,1.91E+02,1.79E+02,57.79M,3.53%
2018/5/7,1.95E+02,1.90E+02,1.97E+02,1.90E+02,29.86M,3.42%
2018/5/8,1.96E+02,1.94E+02,1.97E+02,1.93E+02,21.86M,0.49%
2018/5/9,1.95E+02,1.96E+02,1.97E+02,1.95E+02,13.78M,-0.45%
2018/5/10,1.96E+02,1.96E+02,2.00E+02,1.95E+02,21.30M,0.27%
2018/5/11,1.94E+02,1.96E+02,1.96E+02,1.93E+02,12.74M,-0.82%
2018/5/14,1.99E+02,1.96E+02,2.00E+02,1.96E+02,17.63M,2.20%
2018/5/15,1.97E+02,1.95E+02,1.97E+02,1.94E+02,12.69M,-1.02%
2018/5/16,1.98E+02,1.97E+02,2.00E+02,1.96E+02,12.89M,0.76%
2018/5/17,1.96E+02,1.96E+02,1.98E+02,1.96E+02,13.47M,-1.05%
2018/5/18,1.95E+02,1.96E+02,1.98E+02,1.95E+02,14.24M,-0.52%
2018/5/21,1.98E+02,1.98E+02,2.00E+02,1.96E+02,13.83M,1.35%
2018/5/22,1.96E+02,1.98E+02,1.99E+02,1.96E+02,9.70M,-0.90%
2018/5/23,1.97E+02,1.94E+02,1.97E+02,1.93E+02,12.81M,0.47%
2018/5/24,1.97E+02,1.98E+02,2.00E+02,1.96E+02,18.53M,0.29%
2018/5/25,1.99E+02,1.98E+02,2.02E+02,1.97E+02,21.27M,0.93%
2018/5/29,1.98E+02,1.98E+02,2.02E+02,1.97E+02,18.77M,-0.60%
2018/5/30,1.98E+02,2.00E+02,2.01E+02,1.98E+02,13.93M,-0.01%
2018/5/31,1.98E+02,1.98E+02,1.99E+02,1.97E+02,17.98M,0.02%
2018/6/1,2.04E+02,2.00E+02,2.05E+02,1.99E+02,23.13M,3.20%
2018/6/4,2.09E+02,2.05E+02,2.10E+02,2.05E+02,19.36M,2.26%
2018/6/5,2.08E+02,2.10E+02,2.12E+02,2.07E+02,17.79M,-0.28%
2018/6/6,2.08E+02,2.10E+02,2.10E+02,2.07E+02,13.80M,-0.03%
2018/6/7,2.04E+02,2.07E+02,2.09E+02,2.01E+02,26.75M,-2.25%
2018/6/8,2.05E+02,2.01E+02,2.06E+02,2.00E+02,17.53M,0.71%
2018/6/11,2.06E+02,2.07E+02,2.08E+02,2.05E+02,12.06M,0.31%
2018/6/12,2.09E+02,2.07E+02,2.10E+02,2.07E+02,15.91M,1.64%
2018/6/13,2.07E+02,2.09E+02,2.10E+02,2.07E+02,13.84M,-1.18%
2018/6/14,2.11E+02,2.08E+02,2.11E+02,2.08E+02,18.84M,2.05%
2018/6/15,2.08E+02,2.07E+02,2.10E+02,2.06E+02,28.67M,-1.36%
2018/6/18,2.09E+02,2.05E+02,2.09E+02,2.04E+02,14.65M,0.27%
2018/6/19,2.04E+02,2.04E+02,2.05E+02,2.00E+02,24.48M,-1.98%
2018/6/20,2.06E+02,2.05E+02,2.07E+02,2.05E+02,15.56M,0.88%
2018/6/21,2.02E+02,2.06E+02,2.06E+02,2.01E+02,13.96M,-1.95%
2018/6/22,2.02E+02,2.03E+02,2.04E+02,2.00E+02,9.62M,-0.10%
2018/6/25,1.91E+02,1.98E+02,1.98E+02,1.88E+02,32.75M,-5.33%
2018/6/26,1.91E+02,1.93E+02,1.94E+02,1.88E+02,20.74M,0.09%
2018/6/27,1.85E+02,1.93E+02,1.94E+02,1.85E+02,23.89M,-3.34%
2018/6/28,1.88E+02,1.83E+02,1.89E+02,1.82E+02,19.55M,1.82%
2018/6/29,1.86E+02,1.85E+02,1.89E+02,1.84E+02,26.02M,-1.51%
2018/7/2,1.86E+02,1.82E+02,1.86E+02,1.81E+02,17.33M,0.45%
2018/7/3,1.85E+02,1.88E+02,1.89E+02,1.84E+02,11.67M,-0.86%
2018/7/5,1.87E+02,1.87E+02,1.87E+02,1.83E+02,18.41M,1.15%
2018/7/6,1.92E+02,1.86E+02,1.92E+02,1.86E+02,17.04M,2.88%
2018/7/9,1.93E+02,1.94E+02,1.95E+02,1.91E+02,15.47M,0.25%
2018/7/10,1.93E+02,1.93E+02,1.95E+02,1.91E+02,12.61M,-0.10%
2018/7/11,1.87E+02,1.89E+02,1.90E+02,1.87E+02,15.95M,-2.66%
2018/7/12,1.90E+02,1.91E+02,1.93E+02,1.90E+02,17.44M,1.47%
2018/7/13,1.90E+02,1.92E+02,1.92E+02,1.89E+02,12.56M,-0.07%
2018/7/16,1.90E+02,1.90E+02,1.91E+02,1.89E+02,12.21M,0.16%
2018/7/17,1.93E+02,1.89E+02,1.93E+02,1.88E+02,13.27M,1.21%
2018/7/18,1.91E+02,1.92E+02,1.93E+02,1.90E+02,10.80M,-0.97%
2018/7/19,1.87E+02,1.89E+02,1.90E+02,1.87E+02,13.37M,-1.81%
2018/7/20,1.87E+02,1.89E+02,1.90E+02,1.87E+02,12.81M,-0.05%
2018/7/23,1.87E+02,1.87E+02,1.88E+02,1.85E+02,11.00M,-0.11%
2018/7/24,1.89E+02,1.90E+02,1.93E+02,1.88E+02,18.41M,1.05%
2018/7/25,1.98E+02,1.91E+02,1.98E+02,1.90E+02,20.74M,4.75%
2018/7/26,1.94E+02,1.93E+02,1.96E+02,1.93E+02,13.89M,-1.92%
2018/7/27,1.89E+02,1.96E+02,1.96E+02,1.87E+02,19.92M,-2.45%
2018/7/30,1.85E+02,1.90E+02,1.91E+02,1.82E+02,19.91M,-2.43%
2018/7/31,1.87E+02,1.86E+02,1.89E+02,1.84E+02,17.02M,1.30%
2018/8/1,1.85E+02,1.86E+02,1.89E+02,1.84E+02,14.37M,-1.05%
2018/8/2,1.83E+02,1.82E+02,1.83E+02,1.80E+02,20.98M,-1.44%
2018/8/3,1.81E+02,1.84E+02,1.85E+02,1.80E+02,18.19M,-0.96%
2018/8/6,1.79E+02,1.81E+02,1.81E+02,1.77E+02,35.42M,-1.23%
2018/8/7,1.80E+02,1.80E+02,1.83E+02,1.80E+02,20.62M,0.73%
2018/8/8,1.78E+02,1.80E+02,1.80E+02,1.77E+02,21.15M,-1.33%
2018/8/9,1.77E+02,1.79E+02,1.81E+02,1.77E+02,35.22M,-0.19%
2018/8/10,1.80E+02,1.76E+02,1.80E+02,1.75E+02,22.05M,1.59%
2018/8/13,1.78E+02,1.80E+02,1.81E+02,1.77E+02,14.68M,-1.29%
2018/8/14,1.73E+02,1.75E+02,1.76E+02,1.71E+02,38.51M,-2.90%
2018/8/15,1.70E+02,1.67E+02,1.70E+02,1.65E+02,41.28M,-1.56%
2018/8/16,1.72E+02,1.72E+02,1.76E+02,1.72E+02,34.26M,1.27%
2018/8/17,1.73E+02,1.73E+02,1.74E+02,1.68E+02,24.70M,0.46%
2018/8/20,1.76E+02,1.75E+02,1.79E+02,1.74E+02,25.90M,2.03%
2018/8/21,1.78E+02,1.78E+02,1.80E+02,1.77E+02,20.34M,0.92%
2018/8/22,1.78E+02,1.78E+02,1.80E+02,1.76E+02,27.14M,-0.04%
2018/8/23,1.72E+02,1.85E+02,1.87E+02,1.72E+02,78.84M,-3.16%
2018/8/24,1.74E+02,1.75E+02,1.76E+02,1.72E+02,30.44M,1.16%
2018/8/27,1.81E+02,1.77E+02,1.81E+02,1.76E+02,23.53M,3.68%
2018/8/28,1.78E+02,1.82E+02,1.82E+02,1.78E+02,15.32M,-1.36%
2018/8/29,1.79E+02,1.79E+02,1.80E+02,1.77E+02,11.91M,0.17%
2018/8/30,1.75E+02,1.77E+02,1.78E+02,1.74E+02,17.09M,-2.18%
2018/8/31,1.75E+02,1.73E+02,1.77E+02,1.73E+02,13.73M,0.23%
2018/9/4,1.70E+02,1.74E+02,1.74E+02,1.69E+02,23.45M,-2.61%
2018/9/5,1.64E+02,1.67E+02,1.68E+02,1.62E+02,35.69M,-3.64%
2018/9/6,1.60E+02,1.64E+02,1.66E+02,1.59E+02,33.05M,-2.65%
2018/9/7,1.62E+02,1.60E+02,1.65E+02,1.60E+02,19.45M,1.56%
2018/9/10,1.56E+02,1.59E+02,1.61E+02,1.55E+02,39.09M,-3.70%
2018/9/11,1.57E+02,1.53E+02,1.58E+02,1.53E+02,25.91M,0.70%
2018/9/12,1.61E+02,1.58E+02,1.63E+02,1.56E+02,32.49M,2.54%
2018/9/13,1.66E+02,1.65E+02,1.67E+02,1.64E+02,25.70M,2.52%
2018/9/14,1.65E+02,1.68E+02,1.68E+02,1.63E+02,23.42M,-0.48%
2018/9/17,1.59E+02,1.62E+02,1.62E+02,1.58E+02,20.42M,-3.55%
2018/9/18,1.57E+02,1.57E+02,1.59E+02,1.56E+02,27.24M,-1.41%
2018/9/19,1.63E+02,1.59E+02,1.63E+02,1.59E+02,23.03M,3.82%
2018/9/20,1.66E+02,1.67E+02,1.68E+02,1.65E+02,22.82M,2.00%
2018/9/21,1.65E+02,1.69E+02,1.70E+02,1.65E+02,22.08M,-0.75%
2018/9/24,1.63E+02,1.63E+02,1.63E+02,1.60E+02,13.12M,-0.89%
2018/9/25,1.64E+02,1.64E+02,1.65E+02,1.63E+02,9.59M,0.67%
2018/9/26,1.65E+02,1.66E+02,1.67E+02,1.65E+02,13.59M,0.70%
2018/9/27,1.66E+02,1.66E+02,1.67E+02,1.65E+02,12.69M,0.56%
2018/9/28,1.65E+02,1.65E+02,1.66E+02,1.63E+02,10.49M,-0.94%
2018/10/1,1.62E+02,1.66E+02,1.66E+02,1.62E+02,10.62M,-1.68%
2018/10/2,1.60E+02,1.60E+02,1.61E+02,1.58E+02,14.73M,-1.09%
2018/10/3,1.62E+02,1.63E+02,1.65E+02,1.62E+02,13.12M,1.34%
2018/10/4,1.56E+02,1.60E+02,1.60E+02,1.54E+02,32.18M,-3.84%
2018/10/5,1.55E+02,1.56E+02,1.57E+02,1.52E+02,20.27M,-0.96%
2018/10/8,1.51E+02,1.50E+02,1.53E+02,1.48E+02,25.06M,-2.26%
2018/10/9,1.47E+02,1.48E+02,1.51E+02,1.46E+02,31.07M,-2.78%
2018/10/10,1.38E+02,1.43E+02,1.44E+02,1.38E+02,55.83M,-5.89%
2018/10/11,1.42E+02,1.36E+02,1.43E+02,1.35E+02,43.21M,2.61%
2018/10/12,1.47E+02,1.49E+02,1.49E+02,1.45E+02,30.76M,3.80%
2018/10/15,1.44E+02,1.45E+02,1.46E+02,1.42E+02,18.57M,-2.13%
2018/10/16,1.50E+02,1.46E+02,1.50E+02,1.45E+02,18.37M,3.77%
2018/10/17,1.48E+02,1.51E+02,1.51E+02,1.46E+02,16.87M,-0.98%
2018/10/18,1.42E+02,1.46E+02,1.46E+02,1.41E+02,20.62M,-4.13%
2018/10/19,1.43E+02,1.45E+02,1.47E+02,1.43E+02,14.86M,0.64%
2018/10/22,1.49E+02,1.49E+02,1.50E+02,1.46E+02,22.59M,4.11%
2018/10/23,1.47E+02,1.43E+02,1.48E+02,1.43E+02,19.95M,-1.44%
2018/10/24,1.40E+02,1.45E+02,1.47E+02,1.39E+02,18.51M,-4.80%
2018/10/25,1.45E+02,1.43E+02,1.45E+02,1.41E+02,13.66M,3.57%
2018/10/26,1.43E+02,1.39E+02,1.46E+02,1.39E+02,19.48M,-1.20%
2018/10/29,1.33E+02,1.42E+02,1.44E+02,1.31E+02,35.12M,-6.64%
2018/10/30,1.36E+02,1.32E+02,1.36E+02,1.30E+02,25.23M,2.21%
2018/10/31,1.42E+02,1.41E+02,1.43E+02,1.39E+02,23.65M,4.36%
2018/11/1,1.51E+02,1.45E+02,1.52E+02,1.39E+02,47.04M,6.30%
2018/11/2,1.48E+02,1.53E+02,1.54E+02,1.46E+02,45.99M,-2.42%
2018/11/5,1.45E+02,1.46E+02,1.49E+02,1.44E+02,16.20M,-2.00%
2018/11/6,1.47E+02,1.46E+02,1.50E+02,1.45E+02,17.85M,1.94%
2018/11/7,1.53E+02,1.51E+02,1.53E+02,1.49E+02,17.88M,3.43%
2018/11/8,1.49E+02,1.51E+02,1.52E+02,1.47E+02,17.07M,-2.30%
2018/11/9,1.45E+02,1.46E+02,1.46E+02,1.42E+02,16.22M,-2.78%
2018/11/12,1.43E+02,1.45E+02,1.46E+02,1.40E+02,16.52M,-1.40%
2018/11/13,1.47E+02,1.45E+02,1.50E+02,1.44E+02,19.58M,2.91%
2018/11/14,1.50E+02,1.50E+02,1.52E+02,1.48E+02,21.79M,2.35%
2018/11/15,1.56E+02,1.53E+02,1.57E+02,1.51E+02,30.08M,3.84%
2018/11/16,1.54E+02,1.55E+02,1.56E+02,1.52E+02,20.04M,-1.36%
2018/11/19,1.50E+02,1.52E+02,1.53E+02,1.49E+02,18.09M,-2.97%
2018/11/20,1.46E+02,1.44E+02,1.48E+02,1.43E+02,19.47M,-2.37%
2018/11/21,1.49E+02,1.49E+02,1.51E+02,1.49E+02,14.72M,2.35%
2018/11/23,1.50E+02,1.47E+02,1.51E+02,1.47E+02,7.44M,0.62%
2018/11/26,1.56E+02,1.53E+02,1.57E+02,1.52E+02,16.15M,3.78%
2018/11/27,1.56E+02,1.55E+02,1.58E+02,1.54E+02,17.91M,0.29%
2018/11/28,1.59E+02,1.59E+02,1.60E+02,1.55E+02,20.77M,1.84%
2018/11/29,1.56E+02,1.58E+02,1.59E+02,1.54E+02,20.53M,-1.92%
2018/11/30,1.61E+02,1.58E+02,1.61E+02,1.57E+02,35.07M,2.93%
2018/12/3,1.64E+02,1.69E+02,1.69E+02,1.64E+02,31.08M,1.79%
2018/12/4,1.58E+02,1.65E+02,1.65E+02,1.56E+02,22.20M,-3.30%
2018/12/6,1.56E+02,1.53E+02,1.56E+02,1.51E+02,25.34M,-1.59%
2018/12/7,1.53E+02,1.55E+02,1.58E+02,1.52E+02,17.45M,-1.78%
2018/12/10,1.51E+02,1.50E+02,1.53E+02,1.47E+02,15.53M,-1.06%
2018/12/11,1.52E+02,1.55E+02,1.56E+02,1.51E+02,13.65M,0.26%
2018/12/12,1.52E+02,1.55E+02,1.56E+02,1.51E+02,16.62M,-0.22%
2018/12/13,1.51E+02,1.53E+02,1.53E+02,1.51E+02,12.26M,-0.01%
2018/12/14,1.49E+02,1.48E+02,1.51E+02,1.46E+02,15.56M,-1.64%
2018/12/17,1.44E+02,1.47E+02,1.48E+02,1.42E+02,15.79M,-3.37%
2018/12/18,1.41E+02,1.44E+02,1.45E+02,1.40E+02,17.85M,-2.19%
2018/12/19,1.37E+02,1.41E+02,1.41E+02,1.36E+02,27.66M,-2.61%
2018/12/20,1.35E+02,1.36E+02,1.38E+02,1.33E+02,24.10M,-1.48%
2018/12/21,1.32E+02,1.37E+02,1.37E+02,1.30E+02,28.79M,-2.30%
2018/12/24,1.32E+02,1.30E+02,1.35E+02,1.30E+02,11.24M,-0.08%
2018/12/26,1.38E+02,1.33E+02,1.38E+02,1.30E+02,14.86M,4.63%
2018/12/27,1.38E+02,1.35E+02,1.38E+02,1.34E+02,11.46M,0.33%
2018/12/28,1.39E+02,1.39E+02,1.41E+02,1.37E+02,11.96M,0.46%
2018/12/31,1.37E+02,1.42E+02,1.42E+02,1.36E+02,11.19M,-1.45%
2019/1/2,1.37E+02,1.34E+02,1.38E+02,1.33E+02,16.71M,-0.27%
2019/1/3,1.31E+02,1.34E+02,1.35E+02,1.30E+02,19.53M,-4.46%
2019/1/4,1.40E+02,1.34E+02,1.41E+02,1.34E+02,22.85M,7.01%
2019/1/7,1.43E+02,1.41E+02,1.44E+02,1.39E+02,17.24M,2.40%
2019/1/8,1.47E+02,1.45E+02,1.48E+02,1.42E+02,16.49M,2.58%
2019/1/9,1.52E+02,1.50E+02,1.53E+02,1.49E+02,20.21M,3.49%
2019/1/10,1.52E+02,1.50E+02,1.52E+02,1.49E+02,14.22M,-0.15%
2019/1/11,1.51E+02,1.52E+02,1.53E+02,1.50E+02,9.59M,-0.24%
2019/1/14,1.49E+02,1.49E+02,1.51E+02,1.47E+02,13.36M,-1.35%
2019/1/15,1.51E+02,1.51E+02,1.54E+02,1.50E+02,15.00M,1.08%
2019/1/16,1.55E+02,1.53E+02,1.55E+02,1.52E+02,14.81M,2.62%
2019/1/17,1.56E+02,1.52E+02,1.59E+02,1.52E+02,16.15M,0.73%
2019/1/18,1.57E+02,1.58E+02,1.59E+02,1.55E+02,19.61M,0.67%
2019/1/22,1.52E+02,1.54E+02,1.55E+02,1.50E+02,21.29M,-3.10%
2019/1/23,1.52E+02,1.55E+02,1.55E+02,1.51E+02,10.20M,-0.08%
2019/1/24,1.56E+02,1.51E+02,1.56E+02,1.51E+02,11.00M,2.52%
2019/1/25,1.59E+02,1.59E+02,1.61E+02,1.57E+02,16.46M,2.15%
2019/1/28,1.59E+02,1.58E+02,1.60E+02,1.55E+02,10.14M,-0.18%
2019/1/29,1.57E+02,1.59E+02,1.60E+02,1.56E+02,18.35M,-1.28%
2019/1/30,1.67E+02,1.61E+02,1.68E+02,1.61E+02,37.00M,6.34%
2019/1/31,1.68E+02,1.68E+02,1.70E+02,1.66E+02,21.22M,1.00%
2019/2/1,1.68E+02,1.68E+02,1.69E+02,1.68E+02,10.77M,-0.31%
2019/2/4,1.67E+02,1.66E+02,1.68E+02,1.66E+02,7.38M,-0.76%
2019/2/5,1.72E+02,1.69E+02,1.72E+02,1.68E+02,12.80M,3.08%
2019/2/6,1.72E+02,1.72E+02,1.73E+02,1.70E+02,11.27M,-0.18%
2019/2/7,1.67E+02,1.69E+02,1.70E+02,1.64E+02,11.91M,-2.66%
2019/2/8,1.67E+02,1.64E+02,1.68E+02,1.64E+02,8.33M,0.24%
2019/2/11,1.67E+02,1.69E+02,1.70E+02,1.67E+02,7.26M,0.05%
2019/2/12,1.69E+02,1.70E+02,1.70E+02,1.69E+02,8.59M,0.75%
2019/2/13,1.69E+02,1.70E+02,1.71E+02,1.69E+02,8.66M,0.41%
2019/2/14,1.68E+02,1.68E+02,1.69E+02,1.67E+02,8.72M,-0.60%
2019/2/15,1.66E+02,1.69E+02,1.69E+02,1.65E+02,12.10M,-1.32%
2019/2/19,1.70E+02,1.67E+02,1.71E+02,1.67E+02,12.98M,2.43%
2019/2/20,1.71E+02,1.71E+02,1.73E+02,1.71E+02,12.45M,0.31%
2019/2/21,1.72E+02,1.71E+02,1.72E+02,1.70E+02,8.43M,0.56%
2019/2/22,1.77E+02,1.73E+02,1.77E+02,1.73E+02,16.18M,3.06%
2019/2/25,1.83E+02,1.81E+02,1.84E+02,1.81E+02,22.83M,3.58%
2019/2/26,1.84E+02,1.80E+02,1.84E+02,1.79E+02,13.87M,0.16%
2019/2/27,1.85E+02,1.82E+02,1.85E+02,1.81E+02,16.74M,0.57%
2019/2/28,1.83E+02,1.83E+02,1.84E+02,1.81E+02,12.37M,-0.84%
2019/3/1,1.84E+02,1.85E+02,1.87E+02,1.83E+02,14.35M,0.46%
2019/3/4,1.87E+02,1.86E+02,1.87E+02,1.84E+02,14.76M,1.83%
2019/3/5,1.85E+02,1.87E+02,1.88E+02,1.85E+02,11.51M,-1.20%
2019/3/6,1.84E+02,1.84E+02,1.86E+02,1.83E+02,10.01M,-0.45%
2019/3/7,1.77E+02,1.81E+02,1.82E+02,1.77E+02,16.49M,-3.72%
2019/3/8,1.75E+02,1.72E+02,1.75E+02,1.72E+02,14.67M,-1.29%
2019/3/11,1.80E+02,1.78E+02,1.82E+02,1.78E+02,13.76M,3.07%
2019/3/12,1.81E+02,1.82E+02,1.82E+02,1.80E+02,8.66M,0.12%
2019/3/13,1.81E+02,1.81E+02,1.83E+02,1.79E+02,8.87M,0.04%
2019/3/14,1.80E+02,1.79E+02,1.81E+02,1.78E+02,9.27M,-0.19%
2019/3/15,1.81E+02,1.81E+02,1.81E+02,1.80E+02,10.84M,0.34%
2019/3/18,1.82E+02,1.82E+02,1.83E+02,1.81E+02,7.85M,0.48%
2019/3/19,1.82E+02,1.82E+02,1.83E+02,1.81E+02,10.24M,0.17%
2019/3/20,1.81E+02,1.81E+02,1.82E+02,1.78E+02,15.90M,-0.47%
2019/3/21,1.82E+02,1.79E+02,1.82E+02,1.79E+02,9.75M,0.12%
2019/3/22,1.76E+02,1.80E+02,1.80E+02,1.75E+02,11.69M,-2.89%
2019/3/25,1.79E+02,1.74E+02,1.79E+02,1.74E+02,7.51M,1.42%
2019/3/26,1.78E+02,1.80E+02,1.81E+02,1.77E+02,7.90M,-0.39%
2019/3/27,1.77E+02,1.78E+02,1.80E+02,1.77E+02,8.37M,-0.59%
2019/3/28,1.78E+02,1.77E+02,1.79E+02,1.76E+02,7.23M,0.40%
2019/3/29,1.82E+02,1.81E+02,1.83E+02,1.79E+02,13.85M,2.66%
2019/4/1,1.81E+02,1.85E+02,1.86E+02,1.81E+02,12.71M,-0.86%
2019/4/2,1.82E+02,1.81E+02,1.84E+02,1.81E+02,8.02M,0.47%
2019/4/3,1.78E+02,1.80E+02,1.81E+02,1.77E+02,26.82M,-1.88%
2019/4/4,1.81E+02,1.77E+02,1.82E+02,1.77E+02,17.00M,1.54%
2019/4/5,1.85E+02,1.83E+02,1.86E+02,1.82E+02,18.71M,2.36%
2019/4/8,1.87E+02,1.84E+02,1.88E+02,1.84E+02,14.73M,0.62%
2019/4/9,1.87E+02,1.86E+02,1.88E+02,1.86E+02,11.58M,0.37%
2019/4/10,1.86E+02,1.87E+02,1.87E+02,1.84E+02,10.66M,-0.53%
2019/4/11,1.85E+02,1.85E+02,1.86E+02,1.84E+02,8.90M,-0.65%
2019/4/12,1.89E+02,1.88E+02,1.90E+02,1.87E+02,12.60M,2.12%
2019/4/15,1.83E+02,1.88E+02,1.88E+02,1.83E+02,14.62M,-3.09%
2019/4/16,1.86E+02,1.86E+02,1.86E+02,1.83E+02,12.20M,1.48%
2019/4/17,1.88E+02,1.87E+02,1.88E+02,1.86E+02,11.61M,0.95%
2019/4/18,1.87E+02,1.86E+02,1.87E+02,1.85E+02,7.88M,-0.33%
2019/4/22,1.85E+02,1.85E+02,1.86E+02,1.84E+02,8.68M,-0.83%
2019/4/23,1.87E+02,1.86E+02,1.88E+02,1.85E+02,11.41M,1.03%
2019/4/24,1.86E+02,1.87E+02,1.87E+02,1.85E+02,9.09M,-0.86%
2019/4/25,1.88E+02,1.85E+02,1.88E+02,1.84E+02,10.33M,1.19%
2019/4/26,1.87E+02,1.88E+02,1.89E+02,1.86E+02,9.42M,-0.42%
2019/4/29,1.87E+02,1.87E+02,1.88E+02,1.86E+02,8.66M,-0.08%
2019/4/30,1.86E+02,1.86E+02,1.88E+02,1.84E+02,15.08M,-0.73%
2019/5/1,1.89E+02,1.87E+02,1.93E+02,1.86E+02,17.41M,2.02%
2019/5/2,1.90E+02,1.89E+02,1.93E+02,1.87E+02,11.47M,0.57%
2019/5/3,1.95E+02,1.92E+02,1.96E+02,1.92E+02,14.52M,2.53%
2019/5/6,1.88E+02,1.85E+02,1.89E+02,1.85E+02,23.94M,-3.57%
2019/5/7,1.81E+02,1.86E+02,1.86E+02,1.80E+02,22.66M,-3.62%
2019/5/8,1.80E+02,1.81E+02,1.83E+02,1.79E+02,16.61M,-1.01%
2019/5/9,1.79E+02,1.75E+02,1.81E+02,1.73E+02,22.73M,-0.31%
2019/5/10,1.78E+02,1.80E+02,1.81E+02,1.74E+02,18.99M,-0.58%
2019/5/13,1.70E+02,1.70E+02,1.72E+02,1.69E+02,22.33M,-4.49%
2019/5/14,1.75E+02,1.73E+02,1.75E+02,1.71E+02,17.87M,2.84%
2019/5/15,1.78E+02,1.77E+02,1.80E+02,1.73E+02,37.61M,1.58%
2019/5/16,1.76E+02,1.78E+02,1.78E+02,1.75E+02,20.58M,-1.14%
2019/5/17,1.70E+02,1.72E+02,1.72E+02,1.68E+02,22.54M,-3.42%
2019/5/20,1.61E+02,1.64E+02,1.65E+02,1.60E+02,33.41M,-5.26%
2019/5/21,1.63E+02,1.63E+02,1.66E+02,1.63E+02,22.01M,1.73%
2019/5/22,1.59E+02,1.62E+02,1.63E+02,1.58E+02,25.83M,-2.81%
2019/5/23,1.56E+02,1.55E+02,1.58E+02,1.54E+02,26.89M,-1.78%
2019/5/24,1.55E+02,1.58E+02,1.58E+02,1.55E+02,21.49M,-0.64%
2019/5/28,1.55E+02,1.56E+02,1.57E+02,1.53E+02,38.60M,-0.12%
2019/5/29,1.52E+02,1.54E+02,1.54E+02,1.51E+02,30.07M,-1.51%
2019/5/30,1.51E+02,1.52E+02,1.53E+02,1.50E+02,17.34M,-0.92%
2019/5/31,1.49E+02,1.50E+02,1.51E+02,1.48E+02,26.88M,-1.20%
2019/6/3,1.50E+02,1.50E+02,1.52E+02,1.49E+02,25.25M,0.44%
2019/6/4,1.54E+02,1.52E+02,1.55E+02,1.51E+02,27.42M,2.83%
2019/6/5,1.52E+02,1.55E+02,1.56E+02,1.49E+02,23.21M,-1.62%
2019/6/6,1.52E+02,1.52E+02,1.53E+02,1.51E+02,15.76M,-0.10%
2019/6/7,1.54E+02,1.53E+02,1.56E+02,1.52E+02,17.82M,1.80%
2019/6/10,1.60E+02,1.59E+02,1.62E+02,1.57E+02,36.47M,3.64%
2019/6/11,1.63E+02,1.64E+02,1.66E+02,1.62E+02,23.41M,1.75%
2019/6/12,1.60E+02,1.60E+02,1.62E+02,1.59E+02,16.33M,-1.60%
2019/6/13,1.60E+02,1.61E+02,1.61E+02,1.60E+02,17.57M,0.18%
2019/6/14,1.58E+02,1.58E+02,1.59E+02,1.57E+02,14.98M,-1.39%
2019/6/17,1.60E+02,1.58E+02,1.61E+02,1.57E+02,16.08M,1.14%
2019/6/18,1.66E+02,1.63E+02,1.69E+02,1.62E+02,35.75M,3.50%
2019/6/19,1.65E+02,1.68E+02,1.68E+02,1.63E+02,20.80M,-0.03%
2019/6/20,1.68E+02,1.70E+02,1.70E+02,1.66E+02,24.00M,1.69%
2019/6/21,1.68E+02,1.67E+02,1.69E+02,1.67E+02,17.42M,-0.42%
2019/6/24,1.68E+02,1.68E+02,1.69E+02,1.66E+02,18.42M,0.33%
2019/6/25,1.66E+02,1.67E+02,1.67E+02,1.65E+02,20.45M,-1.37%
2019/6/26,1.69E+02,1.68E+02,1.71E+02,1.68E+02,22.42M,1.92%
2019/6/27,1.71E+02,1.71E+02,1.72E+02,1.69E+02,18.35M,1.13%
2019/6/28,1.69E+02,1.70E+02,1.71E+02,1.68E+02,19.97M,-0.85%
2019/7/1,1.75E+02,1.76E+02,1.78E+02,1.74E+02,25.91M,3.30%
2019/7/2,1.75E+02,1.75E+02,1.76E+02,1.74E+02,14.16M,0.23%
2019/7/3,1.75E+02,1.76E+02,1.76E+02,1.74E+02,8.53M,-0.44%
2019/7/5,1.73E+02,1.74E+02,1.74E+02,1.73E+02,12.62M,-0.78%
2019/7/8,1.68E+02,1.70E+02,1.70E+02,1.68E+02,16.53M,-2.80%
2019/7/9,1.69E+02,1.67E+02,1.69E+02,1.67E+02,15.78M,0.21%
2019/7/10,1.67E+02,1.71E+02,1.71E+02,1.67E+02,16.68M,-1.11%
2019/7/11,1.67E+02,1.68E+02,1.68E+02,1.65E+02,14.80M,-0.23%
2019/7/12,1.69E+02,1.68E+02,1.70E+02,1.68E+02,18.10M,1.51%
2019/7/15,1.74E+02,1.72E+02,1.74E+02,1.70E+02,22.20M,2.62%
2019/7/16,1.74E+02,1.74E+02,1.76E+02,1.73E+02,19.04M,0.40%
2019/7/17,1.75E+02,1.73E+02,1.76E+02,1.72E+02,15.03M,0.36%
2019/7/18,1.73E+02,1.73E+02,1.74E+02,1.72E+02,15.61M,-1.16%
2019/7/19,1.73E+02,1.75E+02,1.75E+02,1.73E+02,13.65M,0.11%
2019/7/22,1.74E+02,1.74E+02,1.74E+02,1.71E+02,18.50M,0.58%
2019/7/23,1.78E+02,1.75E+02,1.79E+02,1.75E+02,20.88M,2.35%
2019/7/24,1.79E+02,1.78E+02,1.79E+02,1.77E+02,14.93M,0.33%
2019/7/25,1.77E+02,1.78E+02,1.79E+02,1.75E+02,14.05M,-0.77%
2019/7/26,1.79E+02,1.78E+02,1.79E+02,1.77E+02,15.28M,0.82%
2019/7/29,1.77E+02,1.78E+02,1.80E+02,1.75E+02,15.13M,-0.96%
2019/7/30,1.74E+02,1.74E+02,1.76E+02,1.73E+02,14.30M,-1.65%
2019/7/31,1.73E+02,1.74E+02,1.75E+02,1.70E+02,14.63M,-0.57%
2019/8/1,1.66E+02,1.75E+02,1.76E+02,1.62E+02,32.73M,-4.31%
2019/8/2,1.61E+02,1.63E+02,1.64E+02,1.60E+02,27.10M,-2.81%
2019/8/5,1.54E+02,1.55E+02,1.57E+02,1.52E+02,28.91M,-4.55%
2019/8/6,1.57E+02,1.58E+02,1.59E+02,1.56E+02,25.00M,2.45%
2019/8/7,1.59E+02,1.56E+02,1.59E+02,1.55E+02,17.92M,1.11%
2019/8/8,1.62E+02,1.62E+02,1.62E+02,1.59E+02,19.27M,1.92%
2019/8/9,1.59E+02,1.61E+02,1.62E+02,1.59E+02,11.89M,-1.91%
2019/8/12,1.59E+02,1.58E+02,1.59E+02,1.56E+02,14.42M,0.12%
2019/8/13,1.64E+02,1.61E+02,1.67E+02,1.60E+02,23.25M,2.96%
2019/8/14,1.62E+02,1.61E+02,1.63E+02,1.59E+02,20.80M,-1.20%
2019/8/15,1.67E+02,1.70E+02,1.71E+02,1.64E+02,36.34M,3.03%
2019/8/16,1.75E+02,1.70E+02,1.78E+02,1.69E+02,25.95M,4.57%
2019/8/19,1.78E+02,1.77E+02,1.79E+02,1.76E+02,16.01M,2.11%
2019/8/20,1.77E+02,1.76E+02,1.78E+02,1.76E+02,10.34M,-0.60%
2019/8/21,1.75E+02,1.77E+02,1.79E+02,1.75E+02,10.63M,-1.11%
2019/8/22,1.72E+02,1.74E+02,1.75E+02,1.71E+02,11.58M,-1.90%
2019/8/23,1.65E+02,1.70E+02,1.71E+02,1.64E+02,20.91M,-4.29%
2019/8/26,1.66E+02,1.66E+02,1.67E+02,1.66E+02,8.65M,0.83%
2019/8/27,1.66E+02,1.67E+02,1.68E+02,1.65E+02,12.78M,0.18%
2019/8/28,1.67E+02,1.65E+02,1.68E+02,1.64E+02,9.51M,0.77%
2019/8/29,1.73E+02,1.71E+02,1.74E+02,1.71E+02,11.58M,3.18%
2019/8/30,1.75E+02,1.74E+02,1.75E+02,1.73E+02,10.30M,1.28%
2019/9/3,1.72E+02,1.73E+02,1.75E+02,1.72E+02,8.51M,-1.50%
2019/9/4,1.74E+02,1.76E+02,1.77E+02,1.74E+02,7.22M,1.11%
2019/9/5,1.79E+02,1.77E+02,1.79E+02,1.77E+02,11.17M,2.64%
2019/9/6,1.77E+02,1.79E+02,1.79E+02,1.76E+02,8.30M,-1.26%
2019/9/9,1.78E+02,1.78E+02,1.78E+02,1.76E+02,6.93M,0.62%
2019/9/10,1.75E+02,1.76E+02,1.76E+02,1.72E+02,9.83M,-1.57%
2019/9/11,1.76E+02,1.76E+02,1.77E+02,1.74E+02,7.04M,0.63%
2019/9/12,1.78E+02,1.78E+02,1.81E+02,1.77E+02,12.51M,1.22%
2019/9/13,1.79E+02,1.80E+02,1.80E+02,1.79E+02,9.48M,0.52%
2019/9/16,1.77E+02,1.78E+02,1.79E+02,1.75E+02,10.73M,-1.17%
2019/9/17,1.79E+02,1.77E+02,1.79E+02,1.76E+02,7.57M,1.09%
2019/9/18,1.80E+02,1.79E+02,1.80E+02,1.78E+02,9.29M,0.56%
2019/9/19,1.80E+02,1.81E+02,1.84E+02,1.80E+02,15.16M,0.26%
2019/9/20,1.83E+02,1.82E+02,1.84E+02,1.79E+02,24.82M,1.14%
2019/9/23,1.77E+02,1.81E+02,1.81E+02,1.77E+02,14.15M,-3.03%
2019/9/24,1.72E+02,1.79E+02,1.79E+02,1.71E+02,14.55M,-3.07%
2019/9/25,1.77E+02,1.72E+02,1.77E+02,1.72E+02,11.84M,2.98%
2019/9/26,1.75E+02,1.77E+02,1.78E+02,1.75E+02,10.00M,-0.94%
2019/9/27,1.66E+02,1.76E+02,1.77E+02,1.63E+02,33.31M,-5.15%
2019/9/30,1.67E+02,1.70E+02,1.70E+02,1.66E+02,14.95M,0.75%
2019/10/1,1.65E+02,1.68E+02,1.68E+02,1.64E+02,14.19M,-1.24%
2019/10/2,1.66E+02,1.63E+02,1.67E+02,1.62E+02,11.60M,0.38%
2019/10/3,1.69E+02,1.67E+02,1.70E+02,1.65E+02,10.39M,2.24%
2019/10/4,1.70E+02,1.70E+02,1.71E+02,1.68E+02,8.86M,0.51%
2019/10/7,1.68E+02,1.69E+02,1.72E+02,1.67E+02,12.03M,-1.19%
2019/10/8,1.62E+02,1.64E+02,1.65E+02,1.62E+02,15.94M,-3.80%
2019/10/9,1.65E+02,1.66E+02,1.67E+02,1.63E+02,11.19M,2.01%
2019/10/10,1.66E+02,1.66E+02,1.69E+02,1.64E+02,11.54M,0.53%
2019/10/11,1.73E+02,1.71E+02,1.75E+02,1.70E+02,19.37M,4.14%
2019/10/14,1.71E+02,1.73E+02,1.73E+02,1.71E+02,7.86M,-1.03%
2019/10/15,1.75E+02,1.73E+02,1.77E+02,1.73E+02,13.81M,2.41%
2019/10/16,1.77E+02,1.76E+02,1.77E+02,1.74E+02,10.90M,1.04%
2019/10/17,1.77E+02,1.78E+02,1.79E+02,1.75E+02,8.03M,-0.15%
2019/10/18,1.69E+02,1.76E+02,1.76E+02,1.69E+02,14.59M,-4.37%
2019/10/21,1.74E+02,1.73E+02,1.74E+02,1.71E+02,9.06M,2.60%
2019/10/22,1.70E+02,1.75E+02,1.75E+02,1.69E+02,10.92M,-2.09%
2019/10/23,1.70E+02,1.70E+02,1.71E+02,1.68E+02,8.91M,0.02%
2019/10/24,1.73E+02,1.71E+02,1.73E+02,1.70E+02,7.44M,1.55%
2019/10/25,1.74E+02,1.72E+02,1.76E+02,1.71E+02,9.89M,1.02%
2019/10/28,1.79E+02,1.77E+02,1.80E+02,1.76E+02,11.74M,2.51%
2019/10/29,1.77E+02,1.77E+02,1.78E+02,1.75E+02,8.03M,-1.00%
2019/10/30,1.78E+02,1.75E+02,1.78E+02,1.74E+02,10.21M,0.36%
2019/10/31,1.77E+02,1.79E+02,1.79E+02,1.76E+02,15.12M,-0.48%
2019/11/1,1.76E+02,1.79E+02,1.82E+02,1.76E+02,28.92M,-0.12%
2019/11/4,1.80E+02,1.81E+02,1.82E+02,1.78E+02,44.54M,1.83%
2019/11/5,1.82E+02,1.81E+02,1.83E+02,1.80E+02,23.69M,1.29%
2019/11/6,1.84E+02,1.84E+02,1.85E+02,1.82E+02,14.83M,1.19%
2019/11/7,1.87E+02,1.87E+02,1.88E+02,1.85E+02,20.16M,1.36%
2019/11/8,1.87E+02,1.88E+02,1.88E+02,1.85E+02,19.74M,0.27%
2019/11/11,1.87E+02,1.85E+02,1.87E+02,1.81E+02,20.57M,-0.24%
2019/11/12,1.87E+02,1.86E+02,1.88E+02,1.85E+02,11.80M,0.14%
2019/11/13,1.82E+02,1.85E+02,1.86E+02,1.81E+02,15.43M,-2.40%
2019/11/14,1.83E+02,1.83E+02,1.85E+02,1.81E+02,12.75M,0.18%
2019/11/15,1.85E+02,1.84E+02,1.86E+02,1.84E+02,11.31M,1.47%
2019/11/18,1.85E+02,1.87E+02,1.87E+02,1.84E+02,11.83M,-0.47%
2019/11/19,1.85E+02,1.86E+02,1.87E+02,1.84E+02,13.46M,0.35%
2019/11/20,1.82E+02,1.84E+02,1.84E+02,1.81E+02,16.69M,-1.57%
2019/11/21,1.85E+02,1.82E+02,1.85E+02,1.82E+02,10.25M,1.38%
2019/11/22,1.87E+02,1.86E+02,1.87E+02,1.84E+02,10.54M,1.04%
2019/11/25,1.90E+02,1.88E+02,1.91E+02,1.88E+02,19.19M,1.96%
2019/11/26,1.95E+02,1.90E+02,1.95E+02,1.89E+02,51.89M,2.23%
2019/11/27,2.01E+02,1.97E+02,2.01E+02,1.97E+02,33.13M,3.14%
2019/11/29,2.00E+02,2.00E+02,2.00E+02,1.98E+02,18.59M,-0.41%
2019/12/2,1.96E+02,1.99E+02,1.99E+02,1.94E+02,19.41M,-1.85%
2019/12/3,1.95E+02,1.91E+02,1.95E+02,1.90E+02,18.44M,-0.72%
2019/12/4,1.94E+02,1.96E+02,1.97E+02,1.93E+02,14.86M,-0.60%
2019/12/5,2.00E+02,1.97E+02,2.01E+02,1.96E+02,22.31M,3.23%
2019/12/6,2.02E+02,2.01E+02,2.02E+02,2.00E+02,14.10M,0.94%
2019/12/9,1.99E+02,2.00E+02,2.03E+02,1.99E+02,14.34M,-1.56%
2019/12/10,2.00E+02,2.01E+02,2.02E+02,1.99E+02,11.64M,0.86%
2019/12/11,2.05E+02,2.01E+02,2.05E+02,2.01E+02,11.77M,2.09%
2019/12/12,2.05E+02,2.04E+02,2.06E+02,2.02E+02,22.49M,-0.07%
2019/12/13,2.05E+02,2.06E+02,2.07E+02,2.04E+02,19.28M,0.20%
2019/12/16,2.07E+02,2.06E+02,2.09E+02,2.06E+02,16.74M,1.01%
2019/12/17,2.08E+02,2.09E+02,2.09E+02,2.07E+02,11.30M,0.58%
2019/12/18,2.10E+02,2.09E+02,2.10E+02,2.08E+02,13.50M,0.87%
2019/12/19,2.10E+02,2.10E+02,2.11E+02,2.09E+02,12.17M,0.06%
2019/12/20,2.12E+02,2.11E+02,2.14E+02,2.10E+02,26.67M,1.01%
2019/12/23,2.15E+02,2.13E+02,2.15E+02,2.13E+02,12.54M,1.22%
2019/12/24,2.14E+02,2.15E+02,2.15E+02,2.13E+02,5.52M,-0.27%
2019/12/26,2.16E+02,2.15E+02,2.17E+02,2.14E+02,6.92M,0.99%
2019/12/27,2.15E+02,2.18E+02,2.18E+02,2.15E+02,11.68M,-0.42%
2019/12/30,2.13E+02,2.16E+02,2.16E+02,2.12E+02,8.75M,-1.19%
2019/12/31,2.12E+02,2.12E+02,2.14E+02,2.11E+02,6.78M,-0.38%
2020/1/2,2.20E+02,2.17E+02,2.20E+02,2.17E+02,15.88M,3.62%
2020/1/3,2.17E+02,2.16E+02,2.18E+02,2.16E+02,8.61M,-1.26%
2020/1/6,2.17E+02,2.15E+02,2.17E+02,2.14E+02,11.89M,-0.17%
2020/1/7,2.18E+02,2.18E+02,2.19E+02,2.17E+02,9.54M,0.46%
2020/1/8,2.18E+02,2.17E+02,2.21E+02,2.16E+02,11.98M,0.17%
2020/1/9,2.22E+02,2.22E+02,2.23E+02,2.21E+02,13.14M,1.73%
2020/1/10,2.24E+02,2.24E+02,2.26E+02,2.22E+02,12.30M,0.92%
2020/1/13,2.30E+02,2.29E+02,2.31E+02,2.27E+02,17.57M,2.97%
2020/1/14,2.26E+02,2.30E+02,2.30E+02,2.25E+02,17.30M,-1.73%
2020/1/15,2.25E+02,2.27E+02,2.28E+02,2.24E+02,10.74M,-0.63%
2020/1/16,2.24E+02,2.26E+02,2.26E+02,2.23E+02,13.71M,-0.50%
2020/1/17,2.27E+02,2.26E+02,2.28E+02,2.25E+02,12.96M,1.56%
2020/1/21,2.22E+02,2.22E+02,2.23E+02,2.21E+02,15.83M,-2.27%
2020/1/22,2.22E+02,2.25E+02,2.26E+02,2.22E+02,10.06M,0.05%
2020/1/23,2.19E+02,2.18E+02,2.20E+02,2.17E+02,18.52M,-1.46%
2020/1/24,2.14E+02,2.18E+02,2.20E+02,2.11E+02,18.14M,-2.46%
2020/1/27,2.05E+02,2.01E+02,2.08E+02,2.00E+02,24.57M,-3.87%
2020/1/28,2.10E+02,2.10E+02,2.11E+02,2.07E+02,16.20M,2.32%
2020/1/29,2.12E+02,2.13E+02,2.14E+02,2.10E+02,12.90M,0.85%
2020/1/30,2.09E+02,2.08E+02,2.10E+02,2.05E+02,14.38M,-1.62%
2020/1/31,2.07E+02,2.07E+02,2.08E+02,2.05E+02,18.18M,-0.95%
2020/2/3,2.13E+02,2.09E+02,2.15E+02,2.09E+02,14.13M,3.15%
2020/2/4,2.23E+02,2.21E+02,2.24E+02,2.20E+02,16.70M,4.59%
2020/2/5,2.20E+02,2.27E+02,2.27E+02,2.18E+02,15.77M,-1.19%
2020/2/6,2.21E+02,2.23E+02,2.24E+02,2.20E+02,10.79M,0.31%
2020/2/7,2.17E+02,2.17E+02,2.18E+02,2.15E+02,13.79M,-1.98%
2020/2/10,2.16E+02,2.14E+02,2.16E+02,2.12E+02,17.42M,-0.35%
2020/2/11,2.17E+02,2.20E+02,2.20E+02,2.15E+02,16.07M,0.67%
2020/2/12,2.24E+02,2.21E+02,2.26E+02,2.20E+02,18.67M,3.27%
2020/2/13,2.20E+02,2.20E+02,2.25E+02,2.19E+02,28.07M,-1.76%
2020/2/14,2.20E+02,2.21E+02,2.22E+02,2.18E+02,10.69M,-0.33%
2020/2/18,2.21E+02,2.19E+02,2.21E+02,2.18E+02,13.02M,0.41%
2020/2/19,2.22E+02,2.22E+02,2.24E+02,2.21E+02,10.80M,0.73%
2020/2/20,2.18E+02,2.23E+02,2.23E+02,2.14E+02,14.95M,-1.85%
2020/2/21,2.13E+02,2.18E+02,2.18E+02,2.12E+02,17.70M,-2.50%
2020/2/24,2.06E+02,2.04E+02,2.07E+02,2.03E+02,19.38M,-3.02%
2020/2/25,2.06E+02,2.09E+02,2.10E+02,2.04E+02,18.13M,-0.27%
2020/2/26,2.09E+02,2.07E+02,2.13E+02,2.07E+02,19.54M,1.52%
2020/2/27,2.05E+02,2.05E+02,2.10E+02,2.02E+02,22.74M,-1.78%
2020/2/28,2.08E+02,1.99E+02,2.09E+02,1.99E+02,31.28M,1.45%
2020/3/2,2.11E+02,2.09E+02,2.11E+02,2.04E+02,21.54M,1.43%
2020/3/3,2.07E+02,2.11E+02,2.11E+02,2.02E+02,20.81M,-1.69%
2020/3/4,2.12E+02,2.09E+02,2.13E+02,2.09E+02,12.47M,2.19%
2020/3/5,2.11E+02,2.10E+02,2.15E+02,2.09E+02,13.46M,-0.24%
2020/3/6,2.05E+02,2.07E+02,2.07E+02,2.01E+02,21.70M,-3.23%
2020/3/9,1.98E+02,1.96E+02,2.00E+02,1.94E+02,25.50M,-3.41%
2020/3/10,2.06E+02,2.06E+02,2.07E+02,2.01E+02,19.02M,4.42%
2020/3/11,1.99E+02,2.02E+02,2.03E+02,1.96E+02,18.93M,-3.62%
2020/3/12,1.85E+02,1.87E+02,1.90E+02,1.84E+02,30.25M,-6.94%
2020/3/13,1.94E+02,1.95E+02,1.96E+02,1.88E+02,23.65M,4.81%
2020/3/16,1.79E+02,1.76E+02,1.88E+02,1.75E+02,26.63M,-7.81%
2020/3/17,1.85E+02,1.81E+02,1.89E+02,1.80E+02,19.28M,3.33%
2020/3/18,1.80E+02,1.76E+02,1.82E+02,1.70E+02,22.05M,-2.60%
2020/3/19,1.81E+02,1.80E+02,1.87E+02,1.78E+02,20.91M,0.49%
2020/3/20,1.81E+02,1.88E+02,1.88E+02,1.80E+02,21.01M,0.23%
2020/3/23,1.76E+02,1.75E+02,1.79E+02,1.70E+02,22.55M,-2.74%
2020/3/24,1.86E+02,1.83E+02,1.89E+02,1.81E+02,20.80M,5.34%
2020/3/25,1.89E+02,1.86E+02,1.95E+02,1.86E+02,19.61M,1.51%
2020/3/26,1.95E+02,1.88E+02,1.96E+02,1.88E+02,15.43M,3.59%
2020/3/27,1.89E+02,1.89E+02,1.93E+02,1.88E+02,13.38M,-3.45%
2020/3/30,1.91E+02,1.87E+02,1.91E+02,1.87E+02,12.25M,1.42%
2020/3/31,1.94E+02,1.92E+02,1.97E+02,1.91E+02,19.08M,1.68%
2020/4/1,1.88E+02,1.90E+02,1.93E+02,1.85E+02,17.95M,-3.56%
2020/4/2,1.89E+02,1.86E+02,1.91E+02,1.86E+02,13.41M,0.71%
2020/4/3,1.87E+02,1.90E+02,1.91E+02,1.85E+02,9.48M,-0.95%
2020/4/6,1.96E+02,1.95E+02,1.97E+02,1.93E+02,13.25M,4.99%
2020/4/7,1.98E+02,2.00E+02,2.01E+02,1.97E+02,14.93M,0.79%
2020/4/8,1.96E+02,1.98E+02,1.99E+02,1.94E+02,13.61M,-1.02%
2020/4/9,1.96E+02,1.99E+02,2.00E+02,1.93E+02,17.82M,0.20%
2020/4/13,1.99E+02,1.97E+02,2.00E+02,1.96E+02,16.12M,1.56%
2020/4/14,2.05E+02,2.05E+02,2.08E+02,2.04E+02,16.76M,2.68%
2020/4/15,2.08E+02,2.05E+02,2.09E+02,2.01E+02,10.77M,1.66%
2020/4/16,2.13E+02,2.11E+02,2.13E+02,2.09E+02,16.35M,2.16%
2020/4/17,2.10E+02,2.15E+02,2.15E+02,2.09E+02,13.56M,-1.49%
2020/4/20,2.12E+02,2.10E+02,2.16E+02,2.09E+02,19.30M,1.26%
2020/4/21,2.07E+02,2.10E+02,2.12E+02,2.05E+02,14.11M,-2.26%
2020/4/22,2.10E+02,2.12E+02,2.12E+02,2.09E+02,13.49M,1.26%
2020/4/23,2.05E+02,2.10E+02,2.11E+02,2.03E+02,20.42M,-2.25%
2020/4/24,2.04E+02,2.06E+02,2.07E+02,2.03E+02,14.68M,-0.43%
2020/4/27,2.04E+02,2.08E+02,2.08E+02,2.02E+02,17.29M,-0.33%
2020/4/28,2.01E+02,2.05E+02,2.05E+02,1.99E+02,17.20M,-1.25%
2020/4/29,2.07E+02,2.03E+02,2.07E+02,2.03E+02,19.12M,2.76%
2020/4/30,2.03E+02,2.06E+02,2.07E+02,1.99E+02,20.11M,-1.95%
2020/5/1,1.94E+02,1.96E+02,1.97E+02,1.93E+02,22.28M,-4.04%
2020/5/4,1.91E+02,1.95E+02,1.95E+02,1.90E+02,25.71M,-1.71%
2020/5/5,1.95E+02,1.96E+02,1.98E+02,1.94E+02,22.96M,2.02%
2020/5/6,1.95E+02,1.98E+02,1.99E+02,1.95E+02,18.60M,0.08%
2020/5/7,1.96E+02,1.98E+02,1.98E+02,1.95E+02,16.16M,0.68%
2020/5/8,2.01E+02,2.00E+02,2.03E+02,1.99E+02,23.83M,2.39%
2020/5/11,2.05E+02,2.03E+02,2.07E+02,2.02E+02,17.92M,2.09%
2020/5/12,2.00E+02,2.07E+02,2.08E+02,2.00E+02,17.83M,-2.48%
2020/5/13,1.99E+02,2.04E+02,2.05E+02,1.98E+02,22.43M,-0.42%
2020/5/14,2.01E+02,1.95E+02,2.02E+02,1.94E+02,20.03M,0.92%
2020/5/15,2.04E+02,2.00E+02,2.04E+02,2.00E+02,17.21M,1.18%
2020/5/18,2.15E+02,2.12E+02,2.15E+02,2.11E+02,23.65M,5.70%
2020/5/19,2.17E+02,2.17E+02,2.21E+02,2.15E+02,21.44M,0.89%
2020/5/20,2.17E+02,2.20E+02,2.21E+02,2.11E+02,38.32M,-0.19%
2020/5/21,2.12E+02,2.11E+02,2.15E+02,2.10E+02,29.85M,-2.14%
2020/5/22,2.00E+02,2.03E+02,2.05E+02,1.99E+02,51.98M,-5.87%
2020/5/26,2.02E+02,2.06E+02,2.07E+02,2.01E+02,28.68M,1.01%
2020/5/27,2.01E+02,2.03E+02,2.03E+02,1.97E+02,23.61M,-0.27%
2020/5/28,1.99E+02,1.99E+02,2.02E+02,1.98E+02,18.79M,-0.84%
2020/5/29,2.07E+02,2.00E+02,2.08E+02,1.97E+02,43.21M,3.96%
2020/6/1,2.07E+02,2.06E+02,2.07E+02,2.04E+02,16.17M,-0.40%
2020/6/2,2.14E+02,2.07E+02,2.15E+02,2.07E+02,22.49M,3.76%
2020/6/3,2.19E+02,2.16E+02,2.19E+02,2.14E+02,20.00M,2.00%
2020/6/4,2.18E+02,2.17E+02,2.20E+02,2.16E+02,14.96M,-0.26%
2020/6/5,2.20E+02,2.20E+02,2.21E+02,2.19E+02,11.98M,0.69%
2020/6/8,2.19E+02,2.19E+02,2.20E+02,2.15E+02,12.73M,-0.25%
2020/6/9,2.21E+02,2.17E+02,2.21E+02,2.17E+02,14.14M,0.79%
2020/6/10,2.24E+02,2.22E+02,2.25E+02,2.21E+02,13.37M,1.34%
2020/6/11,2.15E+02,2.18E+02,2.20E+02,2.14E+02,15.56M,-3.77%
2020/6/12,2.18E+02,2.19E+02,2.20E+02,2.14E+02,12.72M,1.12%
2020/6/15,2.17E+02,2.14E+02,2.18E+02,2.13E+02,17.42M,-0.28%
2020/6/16,2.23E+02,2.21E+02,2.25E+02,2.20E+02,16.95M,2.58%
2020/6/17,2.24E+02,2.24E+02,2.25E+02,2.23E+02,12.49M,0.73%
2020/6/18,2.24E+02,2.24E+02,2.26E+02,2.23E+02,10.36M,-0.32%
2020/6/19,2.21E+02,2.26E+02,2.27E+02,2.20E+02,19.55M,-1.30%
2020/6/22,2.21E+02,2.21E+02,2.22E+02,2.19E+02,13.30M,0.35%
2020/6/23,2.29E+02,2.25E+02,2.30E+02,2.25E+02,18.26M,3.32%
2020/6/24,2.26E+02,2.29E+02,2.31E+02,2.24E+02,12.16M,-1.11%
2020/6/25,2.22E+02,2.25E+02,2.25E+02,2.21E+02,14.95M,-1.79%
2020/6/26,2.16E+02,2.22E+02,2.22E+02,2.14E+02,19.34M,-2.90%
2020/6/29,2.15E+02,2.15E+02,2.16E+02,2.12E+02,12.33M,-0.32%
2020/6/30,2.16E+02,2.16E+02,2.16E+02,2.13E+02,12.93M,0.32%
2020/7/1,2.16E+02,2.16E+02,2.17E+02,2.15E+02,11.79M,0.12%
2020/7/2,2.24E+02,2.22E+02,2.25E+02,2.20E+02,18.13M,3.54%
2020/7/6,2.40E+02,2.33E+02,2.40E+02,2.33E+02,33.70M,7.33%
2020/7/7,2.37E+02,2.41E+02,2.41E+02,2.36E+02,16.49M,-1.45%
2020/7/8,2.58E+02,2.45E+02,2.58E+02,2.44E+02,39.92M,8.95%
2020/7/9,2.62E+02,2.65E+02,2.68E+02,2.56E+02,36.80M,1.51%
2020/7/10,2.61E+02,2.60E+02,2.62E+02,2.56E+02,20.34M,-0.22%
2020/7/13,2.52E+02,2.61E+02,2.66E+02,2.51E+02,21.57M,-3.58%
2020/7/14,2.49E+02,2.46E+02,2.50E+02,2.41E+02,19.78M,-1.23%
2020/7/15,2.49E+02,2.51E+02,2.52E+02,2.47E+02,12.61M,0.25%
2020/7/16,2.43E+02,2.42E+02,2.45E+02,2.41E+02,18.03M,-2.69%
2020/7/17,2.47E+02,2.47E+02,2.48E+02,2.44E+02,18.75M,1.91%
2020/7/20,2.55E+02,2.56E+02,2.58E+02,2.52E+02,19.01M,3.10%
2020/7/21,2.58E+02,2.61E+02,2.62E+02,2.57E+02,17.13M,1.21%
2020/7/22,2.52E+02,2.56E+02,2.56E+02,2.50E+02,19.68M,-2.40%
2020/7/23,2.52E+02,2.52E+02,2.58E+02,2.49E+02,25.71M,0.07%
2020/7/24,2.49E+02,2.45E+02,2.49E+02,2.42E+02,17.22M,-1.14%
2020/7/27,2.51E+02,2.47E+02,2.53E+02,2.46E+02,18.97M,0.75%
2020/7/28,2.49E+02,2.51E+02,2.52E+02,2.49E+02,9.88M,-0.72%
2020/7/29,2.52E+02,2.50E+02,2.54E+02,2.50E+02,11.49M,1.37%
2020/7/30,2.53E+02,2.52E+02,2.54E+02,2.50E+02,7.03M,0.11%
2020/7/31,2.51E+02,2.54E+02,2.54E+02,2.48E+02,12.31M,-0.68%
2020/8/3,2.58E+02,2.54E+02,2.61E+02,2.54E+02,11.53M,2.76%
2020/8/4,2.62E+02,2.60E+02,2.63E+02,2.59E+02,10.99M,1.65%
2020/8/5,2.65E+02,2.63E+02,2.66E+02,2.62E+02,10.73M,1.03%
2020/8/6,2.66E+02,2.63E+02,2.66E+02,2.59E+02,10.36M,0.29%
2020/8/7,2.52E+02,2.57E+02,2.58E+02,2.48E+02,22.53M,-5.11%
2020/8/10,2.48E+02,2.50E+02,2.52E+02,2.46E+02,13.62M,-1.57%
2020/8/11,2.48E+02,2.51E+02,2.53E+02,2.48E+02,10.68M,0.12%
2020/8/12,2.55E+02,2.49E+02,2.56E+02,2.49E+02,11.12M,2.73%
2020/8/13,2.54E+02,2.56E+02,2.57E+02,2.53E+02,8.79M,-0.58%
2020/8/14,2.54E+02,2.55E+02,2.56E+02,2.52E+02,7.88M,0.10%
2020/8/17,2.57E+02,2.53E+02,2.57E+02,2.50E+02,9.76M,1.18%
2020/8/18,2.59E+02,2.59E+02,2.61E+02,2.56E+02,13.27M,0.87%
2020/8/19,2.61E+02,2.61E+02,2.61E+02,2.57E+02,14.10M,0.54%
2020/8/20,2.58E+02,2.57E+02,2.59E+02,2.54E+02,21.46M,-1.01%
2020/8/21,2.66E+02,2.59E+02,2.67E+02,2.58E+02,25.65M,3.04%
2020/8/24,2.76E+02,2.73E+02,2.77E+02,2.72E+02,22.48M,3.84%
2020/8/25,2.86E+02,2.78E+02,2.89E+02,2.76E+02,27.54M,3.62%
2020/8/26,2.92E+02,2.89E+02,2.92E+02,2.84E+02,19.53M,2.08%
2020/8/27,2.84E+02,2.90E+02,2.90E+02,2.82E+02,14.81M,-2.67%
2020/8/28,2.89E+02,2.85E+02,2.90E+02,2.84E+02,9.69M,1.70%
2020/8/31,2.87E+02,2.88E+02,2.89E+02,2.84E+02,13.25M,-0.68%
2020/9/1,2.98E+02,2.89E+02,2.98E+02,2.89E+02,13.49M,3.82%
2020/9/2,2.96E+02,2.99E+02,2.99E+02,2.90E+02,12.64M,-0.65%
2020/9/3,2.83E+02,2.89E+02,2.91E+02,2.78E+02,16.77M,-4.58%
2020/9/4,2.81E+02,2.80E+02,2.84E+02,2.67E+02,15.89M,-0.39%
2020/9/8,2.70E+02,2.70E+02,2.74E+02,2.67E+02,12.73M,-4.04%
2020/9/9,2.73E+02,2.75E+02,2.76E+02,2.71E+02,9.47M,1.16%
2020/9/10,2.68E+02,2.75E+02,2.77E+02,2.67E+02,10.68M,-2.05%
2020/9/11,2.72E+02,2.73E+02,2.75E+02,2.68E+02,9.41M,1.52%
2020/9/14,2.74E+02,2.75E+02,2.76E+02,2.72E+02,7.88M,0.92%
2020/9/15,2.78E+02,2.78E+02,2.79E+02,2.75E+02,8.29M,1.41%
2020/9/16,2.78E+02,2.81E+02,2.84E+02,2.78E+02,9.59M,0.06%
2020/9/17,2.76E+02,2.73E+02,2.76E+02,2.72E+02,8.02M,-0.87%
2020/9/18,2.72E+02,2.76E+02,2.77E+02,2.71E+02,11.75M,-1.20%
2020/9/21,2.74E+02,2.69E+02,2.74E+02,2.67E+02,9.08M,0.52%
2020/9/22,2.75E+02,2.76E+02,2.76E+02,2.70E+02,9.67M,0.54%
2020/9/23,2.73E+02,2.75E+02,2.78E+02,2.72E+02,7.35M,-0.85%
2020/9/24,2.70E+02,2.68E+02,2.71E+02,2.68E+02,9.56M,-1.18%
2020/9/25,2.71E+02,2.68E+02,2.72E+02,2.65E+02,11.47M,0.50%
2020/9/28,2.76E+02,2.75E+02,2.79E+02,2.74E+02,8.76M,1.81%
2020/9/29,2.77E+02,2.75E+02,2.79E+02,2.75E+02,7.68M,0.33%
2020/9/30,2.94E+02,2.84E+02,2.95E+02,2.84E+02,24.41M,6.16%
2020/10/1,2.90E+02,2.95E+02,2.95E+02,2.88E+02,16.30M,-1.34%
2020/10/2,2.88E+02,2.87E+02,2.92E+02,2.87E+02,11.48M,-0.65%
2020/10/5,2.88E+02,2.89E+02,2.90E+02,2.85E+02,17.88M,0.03%
2020/10/6,2.92E+02,2.87E+02,2.97E+02,2.87E+02,15.86M,1.43%
2020/10/7,2.97E+02,2.98E+02,2.99E+02,2.93E+02,16.67M,1.41%
2020/10/8,3.01E+02,2.98E+02,3.02E+02,2.95E+02,15.11M,1.36%
2020/10/9,3.00E+02,2.99E+02,3.03E+02,2.98E+02,11.44M,-0.27%
2020/10/12,3.06E+02,3.04E+02,3.10E+02,3.01E+02,14.78M,2.20%
2020/10/13,3.09E+02,3.07E+02,3.10E+02,3.03E+02,10.90M,0.80%
2020/10/14,3.01E+02,3.09E+02,3.10E+02,3.01E+02,14.76M,-2.51%
2020/10/15,2.99E+02,2.94E+02,3.00E+02,2.93E+02,9.71M,-0.52%
2020/10/16,3.07E+02,3.04E+02,3.10E+02,3.03E+02,12.35M,2.62%
2020/10/19,3.05E+02,3.10E+02,3.13E+02,3.03E+02,14.11M,-0.66%
2020/10/20,3.10E+02,3.08E+02,3.12E+02,3.07E+02,8.81M,1.48%
2020/10/21,3.08E+02,3.12E+02,3.14E+02,3.08E+02,11.14M,-0.59%
2020/10/22,3.06E+02,3.11E+02,3.11E+02,3.04E+02,8.01M,-0.55%
2020/10/23,3.10E+02,3.07E+02,3.10E+02,3.04E+02,6.23M,1.19%
2020/10/26,3.07E+02,3.10E+02,3.15E+02,3.03E+02,9.35M,-0.98%
2020/10/27,3.17E+02,3.07E+02,3.19E+02,3.06E+02,13.18M,3.35%
2020/10/28,3.08E+02,3.12E+02,3.13E+02,3.06E+02,13.64M,-2.90%
2020/10/29,3.13E+02,3.09E+02,3.16E+02,3.09E+02,11.17M,1.50%
2020/10/30,3.05E+02,3.09E+02,3.11E+02,3.00E+02,14.92M,-2.52%
2020/11/2,3.11E+02,3.11E+02,3.11E+02,3.06E+02,11.86M,2.02%
2020/11/3,2.86E+02,2.86E+02,2.94E+02,2.81E+02,58.13M,-8.13%
2020/11/4,2.96E+02,2.88E+02,2.99E+02,2.86E+02,28.79M,3.55%
2020/11/5,2.88E+02,2.90E+02,2.91E+02,2.80E+02,49.89M,-2.69%
2020/11/6,3.00E+02,2.91E+02,3.01E+02,2.90E+02,25.26M,4.24%
2020/11/9,2.91E+02,3.04E+02,3.04E+02,2.91E+02,22.56M,-3.14%
2020/11/10,2.67E+02,2.80E+02,2.80E+02,2.65E+02,61.06M,-8.26%
2020/11/11,2.66E+02,2.62E+02,2.72E+02,2.61E+02,41.70M,-0.33%
2020/11/12,2.64E+02,2.71E+02,2.71E+02,2.63E+02,27.18M,-0.50%
2020/11/13,2.61E+02,2.65E+02,2.65E+02,2.57E+02,33.92M,-1.31%
2020/11/14,2.61E+02,2.61E+02,2.61E+02,2.61E+02,-,0.00%
2020/11/15,2.61E+02,2.61E+02,2.61E+02,2.61E+02,-,0.00%
2020/11/16,2.58E+02,2.60E+02,2.63E+02,2.57E+02,20.30M,-0.97%
2020/11/17,2.57E+02,2.60E+02,2.60E+02,2.57E+02,19.56M,-0.58%
2020/11/18,2.56E+02,2.58E+02,2.58E+02,2.53E+02,28.31M,-0.38%
2020/11/19,2.60E+02,2.55E+02,2.61E+02,2.54E+02,20.75M,1.59%
2020/11/20,2.71E+02,2.64E+02,2.72E+02,2.62E+02,34.18M,4.17%
2020/11/22,2.71E+02,2.71E+02,2.71E+02,2.71E+02,-,0.00%
2020/11/23,2.70E+02,2.75E+02,2.75E+02,2.67E+02,25.32M,-0.23%
2020/11/24,2.80E+02,2.76E+02,2.80E+02,2.73E+02,20.66M,3.65%
2020/11/25,2.78E+02,2.76E+02,2.79E+02,2.74E+02,15.23M,-0.80%
2020/11/27,2.76E+02,2.78E+02,2.79E+02,2.76E+02,9.58M,-0.45%
2020/11/30,2.63E+02,2.69E+02,2.69E+02,2.63E+02,30.48M,-4.75%
2020/12/1,2.64E+02,2.65E+02,2.66E+02,2.62E+02,14.08M,0.25%
2020/12/2,2.61E+02,2.62E+02,2.63E+02,2.60E+02,13.92M,-1.02%
2020/12/3,2.67E+02,2.64E+02,2.69E+02,2.63E+02,15.52M,2.14%
2020/12/4,2.67E+02,2.71E+02,2.71E+02,2.66E+02,15.53M,0.13%
2020/12/7,2.64E+02,2.65E+02,2.66E+02,2.63E+02,11.39M,-1.22%
2020/12/8,2.66E+02,2.66E+02,2.68E+02,2.64E+02,9.45M,0.79%
2020/12/9,2.64E+02,2.68E+02,2.68E+02,2.63E+02,8.95M,-0.86%
2020/12/10,2.65E+02,2.62E+02,2.66E+02,2.61E+02,10.29M,0.41%
2020/12/11,2.65E+02,2.64E+02,2.65E+02,2.63E+02,7.77M,-0.12%
2020/12/14,2.56E+02,2.60E+02,2.61E+02,2.56E+02,18.37M,-3.22%
2020/12/15,2.55E+02,2.56E+02,2.56E+02,2.52E+02,16.60M,-0.36%
2020/12/16,2.62E+02,2.58E+02,2.63E+02,2.57E+02,15.80M,2.66%
2020/12/17,2.64E+02,2.65E+02,2.65E+02,2.60E+02,14.31M,0.97%
2020/12/18,2.60E+02,2.64E+02,2.65E+02,2.59E+02,15.98M,-1.68%
2020/12/21,2.60E+02,2.55E+02,2.60E+02,2.55E+02,10.90M,0.17%
2020/12/22,2.56E+02,2.58E+02,2.58E+02,2.55E+02,11.49M,-1.77%
2020/12/23,2.56E+02,2.55E+02,2.57E+02,2.53E+02,10.73M,0.14%
2020/12/24,2.22E+02,2.28E+02,2.30E+02,2.11E+02,141.83M,-13.34%
2020/12/28,2.22E+02,2.17E+02,2.25E+02,2.15E+02,73.51M,0.16%
2020/12/29,2.36E+02,2.32E+02,2.39E+02,2.30E+02,69.72M,6.25%
2020/12/30,2.38E+02,2.42E+02,2.42E+02,2.35E+02,44.81M,0.90%
2020/12/31,2.33E+02,2.37E+02,2.39E+02,2.31E+02,23.45M,-2.37%
2021/1/4,2.28E+02,2.27E+02,2.30E+02,2.25E+02,24.90M,-2.10%
2021/1/5,2.40E+02,2.28E+02,2.41E+02,2.28E+02,35.82M,5.51%
2021/1/6,2.28E+02,2.35E+02,2.38E+02,2.26E+02,37.15M,-5.32%
2021/1/7,2.27E+02,2.29E+02,2.30E+02,2.20E+02,49.36M,-0.31%
2021/1/8,2.36E+02,2.28E+02,2.39E+02,2.28E+02,34.88M,4.09%
2021/1/9,2.36E+02,2.36E+02,2.36E+02,2.36E+02,-,0.00%
2021/1/10,2.36E+02,2.36E+02,2.36E+02,2.36E+02,-,0.00%
2021/1/11,2.27E+02,2.29E+02,2.31E+02,2.26E+02,23.04M,-3.73%
2021/1/12,2.26E+02,2.27E+02,2.30E+02,2.25E+02,19.04M,-0.78%
2021/1/13,2.35E+02,2.30E+02,2.40E+02,2.26E+02,38.81M,4.30%
2021/1/14,2.43E+02,2.46E+02,2.46E+02,2.42E+02,31.38M,3.26%
2021/1/15,2.43E+02,2.46E+02,2.47E+02,2.42E+02,21.56M,0.20%
2021/1/19,2.52E+02,2.50E+02,2.53E+02,2.47E+02,23.68M,3.36%
2021/1/20,2.65E+02,2.68E+02,2.69E+02,2.63E+02,44.64M,5.50%
2021/1/21,2.60E+02,2.64E+02,2.65E+02,2.58E+02,20.71M,-2.07%
2021/1/22,2.59E+02,2.57E+02,2.60E+02,2.56E+02,13.52M,-0.53%
2021/1/24,2.59E+02,2.59E+02,2.59E+02,2.59E+02,-,0.00%
2021/1/25,2.61E+02,2.64E+02,2.65E+02,2.58E+02,19.48M,1.07%
2021/1/26,2.66E+02,2.64E+02,2.66E+02,2.61E+02,14.68M,1.74%
2021/1/27,2.60E+02,2.65E+02,2.66E+02,2.60E+02,16.05M,-2.13%
2021/1/28,2.61E+02,2.59E+02,2.62E+02,2.57E+02,10.24M,0.20%
2021/1/29,2.54E+02,2.56E+02,2.59E+02,2.52E+02,14.69M,-2.66%
2021/2/1,2.65E+02,2.58E+02,2.65E+02,2.55E+02,15.29M,4.28%
2021/2/2,2.55E+02,2.64E+02,2.64E+02,2.54E+02,30.53M,-3.85%
2021/2/3,2.63E+02,2.65E+02,2.68E+02,2.61E+02,29.18M,3.51%
2021/2/4,2.67E+02,2.70E+02,2.70E+02,2.66E+02,16.76M,1.34%
2021/2/5,2.66E+02,2.65E+02,2.66E+02,2.63E+02,11.02M,-0.48%
2021/2/8,2.63E+02,2.65E+02,2.65E+02,2.62E+02,10.52M,-1.16%
2021/2/9,2.66E+02,2.63E+02,2.67E+02,2.63E+02,12.30M,1.49%
2021/2/10,2.68E+02,2.69E+02,2.70E+02,2.65E+02,12.86M,0.49%
2021/2/11,2.69E+02,2.69E+02,2.74E+02,2.67E+02,15.00M,0.43%
2021/2/12,2.68E+02,2.69E+02,2.70E+02,2.66E+02,9.36M,-0.40%
2021/2/16,2.71E+02,2.71E+02,2.74E+02,2.70E+02,16.57M,1.06%
2021/2/17,2.71E+02,2.71E+02,2.72E+02,2.68E+02,12.99M,0.05%
2021/2/18,2.65E+02,2.65E+02,2.66E+02,2.62E+02,15.38M,-2.33%
2021/2/19,2.64E+02,2.66E+02,2.69E+02,2.63E+02,14.72M,-0.35%
2021/2/22,2.54E+02,2.58E+02,2.59E+02,2.54E+02,14.40M,-3.64%
2021/2/23,2.53E+02,2.48E+02,2.55E+02,2.42E+02,15.98M,-0.49%
2021/2/24,2.50E+02,2.52E+02,2.52E+02,2.48E+02,12.83M,-0.95%
2021/2/25,2.40E+02,2.50E+02,2.50E+02,2.40E+02,17.97M,-4.06%
2021/2/26,2.38E+02,2.45E+02,2.45E+02,2.38E+02,17.47M,-1.01%
2021/2/28,2.38E+02,2.38E+02,2.38E+02,2.38E+02,-,0.00%
2021/3/1,2.42E+02,2.41E+02,2.43E+02,2.39E+02,14.04M,1.65%
2021/3/2,2.34E+02,2.39E+02,2.41E+02,2.34E+02,14.64M,-3.01%
2021/3/3,2.36E+02,2.38E+02,2.40E+02,2.35E+02,13.57M,0.79%
2021/3/4,2.31E+02,2.35E+02,2.36E+02,2.28E+02,22.96M,-2.44%
2021/3/5,2.34E+02,2.35E+02,2.36E+02,2.28E+02,15.99M,1.47%
2021/3/8,2.27E+02,2.28E+02,2.31E+02,2.27E+02,17.14M,-3.08%
2021/3/9,2.38E+02,2.33E+02,2.39E+02,2.33E+02,15.29M,5.05%
2021/3/10,2.34E+02,2.41E+02,2.41E+02,2.34E+02,10.49M,-1.61%
2021/3/11,2.41E+02,2.37E+02,2.42E+02,2.35E+02,15.16M,2.77%
2021/3/12,2.32E+02,2.34E+02,2.34E+02,2.30E+02,17.78M,-3.71%
2021/3/14,2.32E+02,2.32E+02,2.32E+02,2.32E+02,-,0.00%
2021/3/15,2.30E+02,2.28E+02,2.30E+02,2.26E+02,14.52M,-0.69%
2021/3/16,2.27E+02,2.28E+02,2.30E+02,2.26E+02,19.34M,-1.45%
2021/3/17,2.33E+02,2.27E+02,2.36E+02,2.26E+02,16.83M,2.82%
2021/3/18,2.36E+02,2.39E+02,2.40E+02,2.36E+02,14.81M,1.32%
2021/3/19,2.40E+02,2.40E+02,2.42E+02,2.37E+02,15.96M,1.42%
2021/3/22,2.37E+02,2.35E+02,2.38E+02,2.35E+02,12.06M,-1.11%
2021/3/23,2.38E+02,2.37E+02,2.41E+02,2.36E+02,12.30M,0.23%
2021/3/24,2.30E+02,2.37E+02,2.37E+02,2.29E+02,15.95M,-3.40%
2021/3/25,2.23E+02,2.25E+02,2.29E+02,2.23E+02,24.82M,-2.99%
2021/3/26,2.27E+02,2.22E+02,2.29E+02,2.20E+02,22.03M,2.04%
2021/3/29,2.32E+02,2.26E+02,2.32E+02,2.25E+02,18.03M,2.02%
2021/3/30,2.29E+02,2.30E+02,2.30E+02,2.27E+02,14.83M,-1.13%
2021/3/31,2.27E+02,2.30E+02,2.32E+02,2.27E+02,16.83M,-1.10%
2021/4/1,2.24E+02,2.31E+02,2.31E+02,2.24E+02,23.50M,-1.05%
2021/4/5,2.25E+02,2.26E+02,2.26E+02,2.23E+02,14.96M,0.42%
2021/4/6,2.31E+02,2.26E+02,2.32E+02,2.26E+02,18.10M,2.34%
2021/4/7,2.25E+02,2.27E+02,2.28E+02,2.25E+02,18.03M,-2.23%
2021/4/8,2.28E+02,2.29E+02,2.29E+02,2.27E+02,12.21M,1.25%
2021/4/9,2.23E+02,2.25E+02,2.25E+02,2.21E+02,19.76M,-2.16%
2021/4/12,2.44E+02,2.38E+02,2.45E+02,2.37E+02,57.50M,9.27%
2021/4/13,2.42E+02,2.44E+02,2.46E+02,2.40E+02,20.79M,-0.87%
2021/4/14,2.39E+02,2.44E+02,2.45E+02,2.39E+02,12.41M,-1.10%
2021/4/15,2.39E+02,2.40E+02,2.41E+02,2.38E+02,11.29M,-0.06%
2021/4/16,2.39E+02,2.42E+02,2.42E+02,2.38E+02,14.42M,-0.17%
2021/4/19,2.35E+02,2.37E+02,2.38E+02,2.33E+02,11.22M,-1.64%
2021/4/20,2.30E+02,2.33E+02,2.35E+02,2.28E+02,12.09M,-2.09%
2021/4/21,2.29E+02,2.29E+02,2.29E+02,2.26E+02,14.32M,-0.19%
2021/4/22,2.29E+02,2.29E+02,2.34E+02,2.28E+02,11.99M,-0.04%
2021/4/23,2.32E+02,2.31E+02,2.33E+02,2.31E+02,8.97M,1.19%
2021/4/26,2.33E+02,2.32E+02,2.33E+02,2.31E+02,7.79M,0.27%
2021/4/27,2.36E+02,2.33E+02,2.37E+02,2.32E+02,11.65M,1.38%
2021/4/28,2.37E+02,2.38E+02,2.39E+02,2.36E+02,9.19M,0.34%
2021/4/29,2.34E+02,2.38E+02,2.38E+02,2.33E+02,9.55M,-1.07%
2021/4/30,2.31E+02,2.32E+02,2.34E+02,2.31E+02,9.33M,-1.38%
2021/5/3,2.31E+02,2.31E+02,2.36E+02,2.30E+02,13.62M,-0.10%
2021/5/4,2.28E+02,2.30E+02,2.31E+02,2.25E+02,13.26M,-1.22%
2021/5/5,2.27E+02,2.28E+02,2.29E+02,2.27E+02,7.24M,-0.49%
2021/5/6,2.26E+02,2.27E+02,2.28E+02,2.23E+02,12.25M,-0.16%
2021/5/7,2.25E+02,2.28E+02,2.29E+02,2.25E+02,10.55M,-0.49%
2021/5/10,2.20E+02,2.22E+02,2.22E+02,2.19E+02,17.27M,-2.57%
2021/5/11,2.21E+02,2.14E+02,2.21E+02,2.13E+02,13.89M,0.84%
2021/5/12,2.20E+02,2.25E+02,2.25E+02,2.19E+02,20.37M,-0.67%
2021/5/13,2.15E+02,2.13E+02,2.15E+02,2.12E+02,8.58M,-2.14%
