date,code,open,high,low,close,preclose,volume,amount,adjustflag,turn,tradestatus,pctChg,peTTM,pbMRQ,psTTM,pcfNcfTTM
2020-04-29,sz.002985,26.7736019200,32.1204011200,26.7736019200,32.1204011200,22.3080344400,116566,3771047.0000,2,0.310500,1,43.985800,21.191046,4.113727,11.512182,47.011631
2020-04-30,sz.002985,35.3284806400,35.3284806400,35.3284806400,35.3284806400,32.1204011200,72848,2599216.0000,2,0.194100,1,9.987700,23.307538,4.524593,12.661981,51.706997
2020-05-06,sz.002985,38.8633090000,38.8633090000,38.8633090000,38.8633090000,35.3284806400,47018,1845456.0000,2,0.125200,1,10.005600,25.639598,4.977305,13.928888,56.880595
2020-05-07,sz.002985,42.7545906400,42.7545906400,42.7545906400,42.7545906400,38.8633090000,76383,3298217.0000,2,0.203500,1,10.012700,28.206824,5.475670,15.323552,62.575901
2020-05-08,sz.002985,47.0320300000,47.0320300000,47.0320300000,47.0320300000,42.7545906400,267431,12702972.0000,2,0.712400,1,10.004600,31.028813,6.023491,16.856616,68.836389
2020-05-11,sz.002985,51.7352330000,51.7352330000,51.7352330000,51.7352330000,47.0320300000,222079,11603627.0000,2,0.591600,1,10.000000,34.131694,6.625840,18.542278,75.720028
2020-05-12,sz.002985,56.9137070400,56.9137070400,56.9137070400,56.9137070400,51.7352330000,613840,35283523.0000,2,1.635200,1,10.009600,37.548130,7.289058,20.398280,83.299277
2020-05-13,sz.002985,62.6070580400,62.6070580400,62.6070580400,62.6070580400,56.9137070400,199820,12634618.0000,2,0.532300,1,10.003500,41.304250,8.018217,22.438818,91.632103
2020-05-14,sz.002985,68.8647934000,68.8647934000,68.8647934000,68.8647934000,62.6070580400,523132,36383830.0000,2,1.393500,1,9.995300,45.432715,8.819658,24.681635,100.790966
2020-05-15,sz.002985,75.7562234800,75.7562234800,75.7562234800,75.7562234800,68.8647934000,187444,14341340.0000,2,0.499300,1,10.007200,49.979252,9.702258,27.151573,110.877308
2020-05-18,sz.002985,83.3308556800,83.3308556800,83.3308556800,83.3308556800,75.7562234800,230537,19401993.0000,2,0.614100,1,9.998700,54.976524,10.672357,29.866376,121.963590
2020-05-19,sz.002985,86.1527774800,91.6679018400,84.4101170000,91.6679018400,83.3308556800,24898558,2216623472.0000,2,66.325400,1,10.004800,60.476790,11.740100,32.854433,134.165746
2020-05-20,sz.002985,95.0443065200,100.8366723200,94.3413014400,100.8366723200,91.6679018400,22005144,2159035344.0000,2,58.617900,1,10.002200,66.525775,12.914364,36.140586,147.585219
2020-05-21,sz.002985,96.5394300000,98.3811052800,94.6383458400,96.3017944800,100.8366723200,13248790,1292899840.0000,2,35.292500,1,-4.497200,63.533944,12.333573,34.515253,140.947942
2020-05-22,sz.002985,99.4504651200,103.9457370400,96.0443560000,97.3018439600,96.3017944800,15534420,1565708560.0000,2,41.381000,1,1.038400,64.193715,12.461651,34.873678,142.411621
2020-05-25,sz.002985,98.7177556000,100.5000220000,92.0936654800,97.2820410000,97.3018439600,12536415,1215538672.0000,2,33.394800,1,-0.020300,64.180650,12.459115,34.866580,142.382637
2020-05-26,sz.002985,95.2621390800,101.3218448400,93.3808578800,100.5000220000,97.2820410000,12884738,1271782112.0000,2,34.322700,1,3.307900,66.303674,12.871248,36.019928,147.092495
2020-05-27,sz.002985,107.9261320000,110.5500242000,106.4706144400,110.5500242000,100.5000220000,16343023,1808578784.0000,2,43.535000,1,10.000000,72.934042,14.158373,39.621921,161.801745
2020-05-28,sz.002985,107.1538165600,108.5796296800,103.9754414800,107.6785950000,110.5500242000,10766449,1156316848.0000,2,28.679900,1,-2.597400,71.039651,13.790623,38.592780,157.599102
2020-05-29,sz.002985,105.9260330400,107.9756394000,101.4901700000,101.6485936800,107.6785950000,9990081,1054741504.0000,2,26.611800,1,-5.600000,67.061431,13.018348,36.431584,148.773552
2020-06-01,sz.002985,101.6683966400,105.5299738400,100.5297264400,103.1239142000,101.6485936800,9068652,944245312.0000,2,24.157300,1,1.451400,68.034755,13.207296,36.960349,150.932841
2020-06-02,sz.002985,102.0446528800,108.2825852800,99.0940118400,99.7970169200,103.1239142000,10576859,1108873552.0000,2,28.174900,1,-3.226100,65.839875,12.781213,35.767966,146.063572
2020-06-03,sz.002985,98.0246520000,98.1236668000,94.7076562000,95.0938139200,99.7970169200,8972647,871891200.0000,2,23.901600,1,-4.712800,62.736994,12.178864,34.082304,139.179933
2020-06-04,sz.002985,95.5492820000,96.8859818000,94.0640600000,96.3314989200,95.0938139200,5511314,533101264.0000,2,14.681200,1,1.301500,63.553542,12.337377,34.525899,140.991417
2020-06-05,sz.002985,95.3710553600,95.9453412000,92.1134684400,93.4699712000,96.3314989200,6074180,575253088.0000,2,16.180600,1,-2.970500,61.665683,11.970895,33.500307,136.803266
2020-06-08,sz.002985,93.8660304000,98.0246520000,93.2422371600,97.0345040000,93.4699712000,6397448,619111696.0000,2,17.041700,1,3.813600,64.017341,12.427412,34.777861,142.020340
2020-06-09,sz.002985,96.6285433200,97.2028291600,94.1729762800,96.0344545200,97.0345040000,4688606,452050978.1400,2,12.489600,1,-1.030600,63.357570,12.299334,34.419436,140.556661
2020-06-10,sz.002985,96.3414004000,101.6881996000,95.9750456400,100.5000220000,96.0344545200,7823136,788227661.2500,2,20.839500,1,4.650000,66.303674,12.871248,36.019928,147.092495
2020-06-11,sz.002985,98.2000000000,100.4400000000,97.2000000000,100.0000000000,100.5000000000,5763177,568937099.6800,2,15.352100,1,-0.497500,65.323817,12.681033,35.487614,144.918714
2020-06-12,sz.002985,97.7000000000,105.6600000000,97.3800000000,103.8600000000,100.0000000000,6469622,664954403.1700,2,17.233900,1,3.860000,67.845316,13.170521,36.857435,150.512577
2020-06-15,sz.002985,101.6100000000,105.9900000000,99.0000000000,99.5000000000,103.8600000000,5725317,588487780.8400,2,15.251200,1,-4.198000,64.997198,12.617628,35.310175,144.194121
2020-06-16,sz.002985,100.1300000000,101.4600000000,96.0000000000,98.5800000000,99.5000000000,4475960,439097172.6600,2,11.923200,1,-0.924600,64.396219,12.500962,34.983689,142.860869
2020-06-17,sz.002985,100.5500000000,103.5700000000,100.5500000000,102.4700000000,98.5800000000,6469724,660570426.9200,2,17.234200,1,3.946000,66.937315,12.994254,36.364158,148.498207
2020-06-18,sz.002985,99.0000000000,99.4000000000,95.8500000000,95.9300000000,102.4700000000,6686852,648525798.7000,2,17.812600,1,-6.382400,62.665138,12.164915,34.043268,139.020523
2020-06-19,sz.002985,95.0100000000,98.5700000000,95.0100000000,97.0000000000,95.9300000000,3773087,366336689.1200,2,10.050800,1,1.115400,63.364103,12.300602,34.422985,140.571153
2020-06-22,sz.002985,97.9900000000,106.1800000000,97.5000000000,103.8800000000,97.0000000000,6541296,673926572.1400,2,17.424900,1,7.092800,67.858381,13.173057,36.864533,150.541560
2020-06-23,sz.002985,104.0100000000,114.0800000000,102.4700000000,110.4900000000,103.8800000000,6340822,687990723.5600,2,16.890800,1,6.363100,72.176285,14.011273,39.210264,160.120687
2020-06-24,sz.002985,112.0100000000,112.0600000000,107.1100000000,108.0100000000,110.4900000000,3935758,431159758.8200,2,10.484200,1,-2.244500,70.556255,13.696784,38.330171,156.526703
2020-06-29,sz.002985,111.2800000000,115.1300000000,108.2000000000,113.1500000000,108.0100000000,4451300,501489589.6900,2,11.857500,1,4.758800,73.913899,14.348589,40.154235,163.975525
2020-06-30,sz.002985,114.0000000000,124.4700000000,112.5000000000,124.4700000000,113.1500000000,5994539,719870786.2500,2,15.968400,1,10.004400,81.308555,15.784082,44.171433,180.380324
2020-07-01,sz.002985,128.0000000000,130.7000000000,124.0100000000,128.6000000000,124.4700000000,5290503,674714156.9800,2,14.093000,1,3.318100,84.006429,16.307808,45.637071,186.365467
2020-07-02,sz.002985,127.1400000000,135.5500000000,124.6500000000,125.9400000000,128.6000000000,5411923,706738295.9300,2,14.416400,1,-2.068400,82.268815,15.970493,44.693100,182.510629
2020-07-03,sz.002985,125.0000000000,134.9300000000,124.4800000000,132.5500000000,125.9400000000,4300468,556704956.5600,2,11.455700,1,5.248500,86.586720,16.808709,47.038832,192.089756
2020-07-06,sz.002985,131.6000000000,137.9000000000,129.4800000000,132.6200000000,132.5500000000,4528339,601577346.4600,2,12.062700,1,0.052800,86.632446,16.817586,47.063673,192.191199
2020-07-07,sz.002985,139.0000000000,145.8800000000,138.5000000000,139.0000000000,132.6200000000,6728937,958993184.0800,2,17.924700,1,4.810700,90.800106,17.626636,49.327783,201.437013
2020-07-08,sz.002985,136.0900000000,151.8800000000,135.5500000000,149.3500000000,139.0000000000,5019785,722520285.7400,2,13.371800,1,7.446000,97.561121,18.939123,53.000751,216.436100
2020-07-09,sz.002985,148.6800000000,153.5000000000,145.8000000000,152.0000000000,149.3500000000,5118328,762131930.3800,2,13.634300,1,1.774400,99.292202,19.275170,53.941173,220.276446
2020-07-10,sz.002985,149.0400000000,152.8000000000,148.0000000000,149.5000000000,152.0000000000,2575827,385981009.2300,2,6.861600,1,-1.644700,97.659106,18.958144,53.053982,216.653478
2020-07-13,sz.002985,152.0000000000,157.8200000000,150.0000000000,156.8200000000,149.5000000000,3266971,504031025.1700,2,8.702600,1,4.896300,102.440810,19.886396,55.651676,227.261528
2020-07-14,sz.002985,156.0000000000,161.9900000000,147.2000000000,151.6600000000,156.8200000000,3888088,603048707.2500,2,10.357200,1,-3.290400,99.070101,19.232055,53.820515,219.783722
2020-07-15,sz.002985,149.6000000000,155.8800000000,148.0100000000,150.0000000000,151.6600000000,3009609,455763243.9000,2,8.017100,1,-1.094600,97.985726,19.021549,53.231420,217.378072
2020-07-16,sz.002985,149.0600000000,155.0000000000,143.8100000000,146.7600000000,150.0000000000,3029250,454242398.0300,2,8.069400,1,-2.160000,95.869234,18.610684,52.081622,212.682705
2020-07-17,sz.002985,147.2500000000,152.6000000000,145.0000000000,152.0000000000,146.7600000000,3247242,486442704.1700,2,8.650100,1,3.570500,99.292202,19.275170,53.941173,220.276446
2020-07-20,sz.002985,155.3000000000,162.0000000000,152.6100000000,154.3600000000,152.0000000000,3643640,571306906.6600,2,9.706000,1,1.552600,100.833844,19.574442,54.778680,223.696527
2020-07-21,sz.002985,152.6300000000,154.5800000000,145.3000000000,145.9500000000,154.3600000000,4199039,622399325.9300,2,11.185500,1,-5.448300,95.340111,18.507968,51.794172,211.508864
2020-07-22,sz.002985,143.0000000000,150.6900000000,142.3000000000,148.9200000000,145.9500000000,2508747,371310090.1300,2,6.682900,1,2.034900,97.280228,18.884594,52.848154,215.812949
2020-07-23,sz.002985,149.9600000000,155.0000000000,148.3100000000,150.3000000000,148.9200000000,2762204,419592165.2100,2,7.358000,1,0.926700,98.181697,19.059593,53.337883,217.812828
2020-07-24,sz.002985,148.5000000000,158.0000000000,146.4600000000,147.9600000000,150.3000000000,3656527,557761840.6300,2,9.740300,1,-1.556900,96.653120,18.762856,52.507473,214.421730
2020-07-27,sz.002985,147.0000000000,155.9900000000,143.9800000000,155.2500000000,147.9600000000,3111615,471130986.9400,2,8.288800,1,4.927000,101.415226,19.687304,55.094520,224.986304
2020-07-28,sz.002985,156.9000000000,164.5000000000,154.0000000000,158.7000000000,155.2500000000,3602405,574715229.0300,2,9.596200,1,2.222200,103.668898,20.124799,56.318843,229.986000
2020-07-29,sz.002985,160.0000000000,162.7000000000,156.0000000000,162.0100000000,158.7000000000,2649344,423055805.2900,2,7.057400,1,2.085700,105.831116,20.544541,57.493483,234.782809
2020-07-30,sz.002985,163.0000000000,166.6600000000,159.0000000000,160.0300000000,162.0100000000,2405875,389537320.5700,2,6.408800,1,-1.222100,104.537704,20.293457,56.790828,231.913419
2020-07-31,sz.002985,158.0000000000,160.2000000000,155.5000000000,160.2000000000,160.0300000000,2331036,368403962.1800,2,6.209500,1,0.106200,104.648755,20.315015,56.851157,232.159780
2020-08-03,sz.002985,161.6500000000,176.2200000000,159.0000000000,176.2200000000,160.2000000000,4139889,701057610.7600,2,11.027900,1,10.000000,101.613767,14.237594,53.951973,51.462138
2020-08-04,sz.002985,178.0300000000,184.9800000000,174.8000000000,178.8900000000,176.2200000000,3581598,642646770.0700,2,9.540800,1,1.515200,103.153369,14.453315,54.769427,52.241868
2020-08-05,sz.002985,175.5100000000,196.7800000000,175.5100000000,196.7800000000,178.8900000000,2695358,513103967.4600,2,7.180000,1,10.000600,113.469283,15.898728,60.246676,57.466346
2020-08-06,sz.002985,200.0100000000,216.4600000000,200.0100000000,216.4600000000,196.7800000000,4010990,845375029.5600,2,10.684600,1,10.001000,124.817365,17.488762,66.271956,63.213565
2020-08-07,sz.002985,220.0000000000,238.1100000000,209.0000000000,238.1100000000,216.4600000000,3799429,877530739.9200,2,10.121000,1,10.001800,137.301408,19.237961,72.900376,69.536090
2020-08-10,sz.002985,238.1500000000,258.6800000000,214.3000000000,214.3000000000,238.1100000000,5892759,1345900805.3700,2,15.697300,1,-9.999600,123.571843,17.314246,65.610644,62.582773
2020-08-11,sz.002985,207.0000000000,228.3700000000,203.5900000000,210.7300000000,214.3000000000,4224140,901065384.2000,2,11.252400,1,-1.665900,121.513274,17.025810,64.517644,61.540213
2020-08-12,sz.002985,206.0000000000,208.9900000000,190.0800000000,194.9200000000,210.7300000000,3859085,767461997.3500,2,10.279900,1,-7.502500,112.396751,15.748450,59.677213,56.923164
2020-08-13,sz.002985,198.8800000000,214.2500000000,196.1000000000,211.6900000000,194.9200000000,3212275,660872945.9900,2,8.556900,1,8.603500,122.066839,17.103373,64.811560,61.820565
2020-08-14,sz.002985,210.0000000000,226.2000000000,208.5200000000,217.9900000000,211.6900000000,3060144,669937964.0000,2,8.151700,1,2.976000,125.699609,17.612377,66.740384,63.660376
2020-08-17,sz.002985,221.0100000000,223.2900000000,208.0100000000,222.0000000000,217.9900000000,2400706,521754680.0600,2,6.395100,1,1.839500,128.011896,17.936363,67.968096,64.831431
2020-08-18,sz.002985,220.0000000000,225.5800000000,214.0000000000,219.0000000000,222.0000000000,1728423,378248606.0500,2,4.604200,1,-1.351400,126.282005,17.693980,67.049609,63.955330
2020-08-19,sz.002985,217.1000000000,218.7800000000,204.0000000000,204.9000000000,219.0000000000,2140217,447529128.2100,2,5.701200,1,-6.438400,118.151520,16.554778,62.732716,59.837658
2020-08-20,sz.002985,201.9000000000,205.9000000000,197.1400000000,200.0000000000,204.9000000000,1320310,265617908.5000,2,3.517100,1,-2.391400,115.326032,16.158886,61.232519,58.406694
2020-08-21,sz.002985,204.0000000000,209.7000000000,197.5500000000,200.1000000000,200.0000000000,1693971,343079871.6700,2,4.512400,1,0.050000,115.383695,16.166965,61.263135,58.435898
2020-08-24,sz.002985,200.0100000000,207.0000000000,198.5000000000,202.3900000000,200.1000000000,1209897,243946183.5800,2,3.223000,1,1.144400,116.704178,16.351984,61.964248,59.104654
2020-08-25,sz.002985,202.2900000000,207.7000000000,192.5500000000,193.8000000000,202.3900000000,2177511,435496671.2600,2,5.800500,1,-4.244300,111.750925,15.657960,59.334311,56.596087
2020-08-26,sz.002985,192.8000000000,197.2600000000,185.0000000000,190.8800000000,193.8000000000,2187319,415276241.2900,2,5.826600,1,-1.506700,110.067165,15.422041,58.440316,55.743349
2020-08-27,sz.002985,189.8300000000,201.9500000000,188.1100000000,200.0000000000,190.8800000000,1651206,323121217.3700,2,4.398500,1,4.777900,115.326032,16.158886,61.232519,58.406694
2020-08-28,sz.002985,199.0000000000,206.8000000000,199.0000000000,200.9400000000,200.0000000000,1575481,318209845.3600,2,4.196800,1,0.470000,115.868064,16.234832,61.520312,58.681206
2020-08-31,sz.002985,201.0500000000,204.8700000000,197.1000000000,198.2200000000,200.9400000000,1293661,258088589.1500,2,3.446100,1,-1.353600,114.299630,16.015072,60.687550,57.886875
2020-09-01,sz.002985,198.5000000000,205.8900000000,198.5000000000,204.9000000000,198.2200000000,1862062,378670788.8700,2,4.960200,1,3.370000,118.151520,16.554778,62.732716,59.837658
2020-09-02,sz.002985,208.1200000000,215.3300000000,204.4400000000,205.1900000000,204.9000000000,1708082,356113276.9100,2,4.550000,1,0.141500,118.318743,16.578209,62.821503,59.922348
2020-09-03,sz.002985,202.6200000000,204.6900000000,195.4800000000,197.5000000000,205.1900000000,1414373,279685391.6000,2,3.767600,1,-3.747700,113.884457,15.956900,60.467113,57.676610
2020-09-04,sz.002985,190.3300000000,195.0100000000,190.2500000000,194.3000000000,197.5000000000,824973,158706062.8300,2,2.197600,1,-1.620300,112.039240,15.698357,59.487392,56.742103
2020-09-07,sz.002985,195.5600000000,196.4800000000,174.8700000000,174.8700000000,194.3000000000,2526264,458019699.4700,2,6.729500,1,-10.000000,100.835316,14.128522,53.538653,51.067893
2020-09-08,sz.002985,171.9600000000,172.4500000000,157.8800000000,160.0000000000,174.8700000000,3039692,494226412.4600,2,8.097200,1,-8.503500,92.260826,12.927109,48.986015,46.725355
2020-09-09,sz.002985,159.0000000000,163.0000000000,153.7600000000,158.2100000000,160.0000000000,2345034,372817832.0300,2,6.246800,1,-1.118800,91.228658,12.782487,48.437984,46.202615
2020-09-10,sz.002985,159.1100000000,161.3500000000,150.0900000000,150.1100000000,158.2100000000,2041272,314930751.0800,2,5.437600,1,-5.119800,86.557953,12.128052,45.958067,43.837144
2020-09-11,sz.002985,150.1100000000,154.0000000000,150.0000000000,153.0800000000,150.1100000000,1229395,186934397.2400,2,3.274900,1,1.978500,88.270545,12.368011,46.867370,44.704484
2020-09-14,sz.002985,155.0000000000,155.0000000000,147.1200000000,149.4500000000,153.0800000000,1570213,234964734.5900,2,4.182800,1,-2.371300,86.177378,12.074727,45.756000,43.644402
2020-09-15,sz.002985,148.5000000000,158.0100000000,148.5000000000,154.7000000000,149.4500000000,2161638,333298063.0300,2,5.758200,1,3.512900,89.204686,12.498898,47.363354,45.177578
2020-09-16,sz.002985,153.4900000000,154.7500000000,147.8000000000,149.0000000000,154.7000000000,1373900,206437092.5200,2,3.659800,1,-3.684600,85.917894,12.038370,45.618227,43.512987
2020-09-17,sz.002985,149.0000000000,163.9000000000,148.5000000000,159.0300000000,149.0000000000,2536500,394621963.0000,2,6.756800,1,6.731500,91.701494,12.848738,48.689038,46.442083
2020-09-18,sz.002985,159.0300000000,169.3300000000,158.0400000000,165.9500000000,159.0300000000,2180813,359990713.5200,2,5.809300,1,4.351400,95.691775,13.407835,50.807683,48.462954
2020-09-21,sz.002985,165.1900000000,173.3000000000,163.2000000000,167.0000000000,165.9500000000,1820604,308733156.0000,2,4.849800,1,0.632700,96.297237,13.492670,51.129154,48.769590
2020-09-22,sz.002985,164.0000000000,168.9000000000,160.0000000000,163.2800000000,167.0000000000,1194117,195228076.2600,2,3.180900,1,-2.227500,94.152173,13.192114,49.990229,47.683225
2020-09-23,sz.002985,164.4700000000,166.6400000000,160.0100000000,165.5000000000,163.2800000000,1463681,238857967.7000,2,3.899000,1,1.359600,95.432292,13.371478,50.669910,48.331539
2020-09-24,sz.002985,164.1300000000,165.4800000000,156.5100000000,157.0800000000,165.5000000000,1347180,215379926.4100,2,3.588700,1,-5.087600,90.577066,12.691189,48.092021,45.872618
2020-09-25,sz.002985,158.0000000000,160.9800000000,156.8100000000,157.1100000000,157.0800000000,1015255,161033399.2300,2,2.704500,1,0.019100,90.594365,12.693613,48.101205,45.881379
2020-09-28,sz.002985,159.0000000000,159.0000000000,153.0100000000,156.2900000000,157.1100000000,996723,155838882.3600,2,2.655100,1,-0.521900,90.121528,12.627361,47.850152,45.641911
2020-09-29,sz.002985,157.6000000000,161.9800000000,157.5900000000,158.4800000000,156.2900000000,1111822,176995170.4800,2,2.961700,1,1.401200,91.384348,12.804301,48.520648,46.281464
2020-09-30,sz.002985,160.2200000000,160.8000000000,157.0000000000,158.6100000000,158.4800000000,1096523,174125721.6000,2,2.920900,1,0.082000,91.459310,12.814804,48.560449,46.319429
2020-10-09,sz.002985,161.6300000000,162.6000000000,158.0500000000,161.4000000000,158.6100000000,1120400,180343337.2600,2,2.984500,1,1.759000,93.068108,13.040221,49.414643,47.134202
2020-10-12,sz.002985,163.7000000000,167.0000000000,160.6000000000,164.0600000000,161.4000000000,2550324,413727008.8200,2,6.793600,1,1.648100,94.601944,13.255134,50.229035,47.911011
2020-10-13,sz.002985,164.0800000000,164.0800000000,156.0000000000,160.9000000000,164.0600000000,2324452,368819501.1900,2,6.191900,1,-1.926100,92.779793,12.999824,49.261562,46.988185
2020-10-14,sz.002985,159.9600000000,161.3500000000,157.2400000000,158.8800000000,160.9000000000,1291603,205344392.8800,2,3.440600,1,-1.255400,91.615000,12.836619,48.643113,46.398278
2020-10-15,sz.002985,158.0000000000,160.4600000000,155.1000000000,160.3000000000,158.8800000000,1634509,258483166.3100,2,4.354000,1,0.893800,92.433815,12.951347,49.077864,46.812965
2020-10-16,sz.002985,160.0000000000,172.0000000000,159.7500000000,168.9000000000,160.3000000000,2793713,467265017.5700,2,7.442000,1,5.364900,97.392834,13.646179,51.710862,49.324453
2020-10-19,sz.002985,172.8000000000,173.0000000000,160.3000000000,163.5300000000,168.9000000000,2002824,331366973.3500,2,5.335200,1,-3.179400,94.296330,13.212313,50.066769,47.756233
2020-10-20,sz.002985,164.0000000000,167.0000000000,151.5000000000,154.9000000000,163.5300000000,2684434,418217182.3600,2,7.150900,1,-5.277300,82.276487,12.084191,41.559675,45.187833
2020-10-21,sz.002985,152.9700000000,153.8000000000,149.2400000000,152.0000000000,154.9000000000,1289405,195122457.3300,2,3.434700,1,-1.872200,80.736127,11.857954,40.781605,44.341837
2020-10-22,sz.002985,151.9400000000,151.9400000000,148.0000000000,149.0100000000,152.0000000000,792400,118174325.6900,2,2.110800,1,-1.967100,79.147962,11.624695,39.979388,43.469587
2020-10-23,sz.002985,148.9300000000,150.9300000000,142.3200000000,142.9100000000,149.0100000000,1537455,223893597.4700,2,4.095500,1,-4.093700,75.907894,11.148817,38.342757,41.690079
2020-10-26,sz.002985,142.9100000000,145.8600000000,135.8000000000,143.9900000000,142.9100000000,1403943,199063402.8300,2,3.739900,1,0.755700,76.481545,11.233071,38.632521,42.005139
2020-10-27,sz.002985,144.0700000000,146.3700000000,142.6600000000,144.6200000000,143.9900000000,743896,107546306.3300,2,1.981600,1,0.437500,76.816175,11.282219,38.801551,42.188924
2020-10-28,sz.002985,143.8000000000,145.4000000000,140.6800000000,142.0000000000,144.6200000000,985443,140365534.6200,2,2.625000,1,-1.811600,75.424540,11.077825,38.098604,41.424611
2020-10-29,sz.002985,139.9400000000,144.0000000000,138.0500000000,142.3000000000,142.0000000000,1077845,151926352.0700,2,2.871200,1,0.211300,75.583887,11.101229,38.179094,41.512128
2020-10-30,sz.002985,142.7800000000,146.0000000000,140.9100000000,141.1200000000,142.3000000000,1073806,154279032.2200,2,2.860400,1,-0.829200,74.957120,11.009174,37.862500,41.167895
2020-11-02,sz.002985,140.9600000000,142.8800000000,137.0500000000,142.4800000000,141.1200000000,925607,130578760.4100,2,2.465700,1,0.963700,75.679496,11.115271,38.227388,41.564638
2020-11-03,sz.002985,143.1500000000,146.8100000000,142.3300000000,146.4300000000,142.4800000000,1019090,147832505.2600,2,2.714700,1,2.772300,77.777573,11.423422,39.287174,42.716942
2020-11-04,sz.002985,146.6000000000,152.4800000000,144.5000000000,151.0900000000,146.4300000000,1681861,250535026.4800,2,4.480200,1,3.182400,80.252772,11.786962,40.537452,44.076370
2020-11-05,sz.002985,150.2000000000,151.1000000000,147.0000000000,147.9100000000,151.0900000000,1175851,174525537.6500,2,3.132300,1,-2.104700,78.563688,11.538881,39.684258,43.148692
2020-11-06,sz.002985,147.1400000000,147.9100000000,141.6000000000,141.8800000000,147.9100000000,1082996,155645461.3400,2,2.884900,1,-4.076800,75.360800,11.068464,38.066408,41.389604
2020-11-09,sz.002985,141.5000000000,148.0000000000,141.0000000000,148.0000000000,141.8800000000,1171926,169944056.1900,2,3.121800,1,4.313500,78.611492,11.545902,39.708405,43.174947
2020-11-10,sz.002985,148.7700000000,151.9000000000,145.4100000000,146.8300000000,148.0000000000,976325,144241418.5300,2,2.600800,1,-0.790500,77.990036,11.454627,39.394494,42.833631
2020-11-11,sz.002985,145.7600000000,149.5000000000,142.8800000000,143.9500000000,146.8300000000,967498,140643617.8000,2,2.577200,1,-1.961500,76.460299,11.229950,38.621789,41.993470
2020-11-12,sz.002985,143.9000000000,145.0000000000,141.2000000000,141.9700000000,143.9500000000,611143,86898758.1300,2,1.628000,1,-1.375500,75.408605,11.075485,38.090555,41.415859
2020-11-13,sz.002985,141.9700000000,154.9600000000,139.1000000000,154.2200000000,141.9700000000,2194368,324918592.2000,2,5.845400,1,8.628600,81.915299,12.031142,41.377231,44.989461
2020-11-16,sz.002985,152.4000000000,162.7000000000,152.4000000000,161.6700000000,154.2200000000,2260079,360404620.4700,2,6.020500,1,4.830800,85.872432,12.612338,43.376066,47.162795
2020-11-17,sz.002985,161.6000000000,162.5900000000,154.0000000000,155.2800000000,161.6700000000,1542914,243634603.8300,2,4.110100,1,-3.952500,82.478327,12.113836,41.661629,45.298687
2020-11-18,sz.002985,153.4900000000,158.2800000000,153.3900000000,156.1900000000,155.2800000000,868679,136113319.9200,2,2.314000,1,0.586000,82.961682,12.184827,41.905782,45.564155
2020-11-19,sz.002985,154.0000000000,160.9900000000,152.5100000000,159.0000000000,156.1900000000,1525950,240038602.4300,2,4.064900,1,1.799100,84.454238,12.404044,42.659705,46.383896
2020-11-20,sz.002985,158.0000000000,162.0000000000,153.8100000000,155.5600000000,159.0000000000,1392589,218778112.6000,2,3.709600,1,-2.163500,82.627052,12.135679,41.736753,45.380370
2020-11-23,sz.002985,155.3800000000,156.9300000000,153.0000000000,154.2200000000,155.5600000000,1030323,159846452.6100,2,2.744600,1,-0.861400,81.915299,12.031142,41.377231,44.989461
2020-11-24,sz.002985,153.8000000000,156.3600000000,153.3000000000,154.9300000000,154.2200000000,744521,115320409.7900,2,1.983300,1,0.460400,82.292422,12.086531,41.567724,45.196584
2020-11-25,sz.002985,153.5200000000,154.9300000000,146.1000000000,146.3400000000,154.9300000000,1325700,197930503.0000,2,3.531400,1,-5.544400,77.729768,11.416401,39.263027,42.690687
2020-11-26,sz.002985,145.7800000000,149.5000000000,145.7800000000,146.8200000000,146.3400000000,810091,119448381.0000,2,2.157900,1,0.328000,77.984725,11.453847,39.391811,42.830714
2020-11-27,sz.002985,146.0000000000,149.5000000000,143.0100000000,147.0900000000,146.8200000000,693865,101804068.5400,2,1.848300,1,0.183900,78.128137,11.474910,39.464252,42.909479
2020-11-30,sz.002985,146.0000000000,148.5100000000,144.8000000000,145.0200000000,147.0900000000,1000531,146121378.2500,2,2.665200,1,-1.407300,77.028639,11.313424,38.908871,42.305613
2020-12-01,sz.002985,145.0200000000,153.5800000000,144.1900000000,149.1100000000,145.0200000000,1314191,195018727.4800,2,3.500800,1,2.820300,79.201078,11.632496,40.006218,43.498759
2020-12-02,sz.002985,148.1000000000,148.8700000000,145.5900000000,146.1700000000,149.1100000000,1006222,147462609.9600,2,2.680400,1,-1.971700,77.639471,11.403139,39.217416,42.641094
2020-12-03,sz.002985,146.3100000000,150.2200000000,144.8000000000,148.8700000000,146.1700000000,1225321,181337297.7000,2,3.264000,1,1.847200,79.073600,11.613773,39.941826,43.428745
2020-12-04,sz.002985,148.2000000000,157.5300000000,146.7300000000,156.1900000000,148.8700000000,1567235,240329485.5700,2,4.174800,1,4.917000,82.961682,12.184827,41.905782,45.564155
2020-12-07,sz.002985,156.0000000000,158.9600000000,155.0000000000,156.8600000000,156.1900000000,1026297,160735264.0800,2,2.733900,1,0.429000,83.317558,12.237096,42.085543,45.759609
2020-12-08,sz.002985,156.8600000000,161.8800000000,155.1000000000,158.8600000000,156.8600000000,1075385,170757931.1700,2,2.864600,1,1.275000,84.379876,12.393122,42.622143,46.343054
2020-12-09,sz.002985,158.4400000000,160.0000000000,155.5600000000,156.3600000000,158.8600000000,864189,136337025.3300,2,2.302000,1,-1.573700,83.051979,12.198090,41.951393,45.613748
2020-12-10,sz.002985,155.0000000000,172.0000000000,154.0000000000,172.0000000000,156.3600000000,2638437,436441153.1500,2,7.028300,1,10.002600,91.359301,13.418211,46.147605,50.176290
2020-12-11,sz.002985,175.2000000000,178.0000000000,169.2900000000,171.4400000000,172.0000000000,2551187,443301574.9600,2,6.795900,1,-0.325600,91.061853,13.374523,45.997357,50.012925
2020-12-14,sz.002985,171.1600000000,182.6500000000,170.0000000000,178.2500000000,171.4400000000,1832484,324616220.4700,2,4.881400,1,3.972200,94.679043,13.905791,47.824481,51.999556
2020-12-15,sz.002985,178.4000000000,180.9800000000,172.4800000000,174.9500000000,178.2500000000,1455499,256829137.7300,2,3.877200,1,-1.851300,92.926220,13.648349,46.939090,51.036871
2020-12-16,sz.002985,175.5000000000,176.8700000000,171.7300000000,174.8200000000,174.9500000000,1050642,183409493.7800,2,2.798700,1,-0.074300,92.857169,13.638207,46.904211,50.998947
2020-12-17,sz.002985,173.6600000000,175.8000000000,164.0000000000,171.0000000000,174.8200000000,1967746,331851485.2400,2,5.241700,1,-2.185100,90.828143,13.340198,45.879305,49.884567
2020-12-18,sz.002985,170.5100000000,172.8700000000,166.3600000000,166.3600000000,171.0000000000,1171700,199518714.0000,2,3.121200,1,-2.713500,88.363566,12.978218,44.634393,48.530974
2020-12-21,sz.002985,167.3700000000,183.0000000000,167.3700000000,178.8000000000,166.3600000000,2339683,417119654.8300,2,6.232500,1,7.477800,94.971181,13.948698,47.972046,52.160003
2020-12-22,sz.002985,179.1500000000,183.5900000000,174.3800000000,177.6400000000,178.8000000000,1558710,277977799.9000,2,4.152100,1,-0.648800,94.355037,13.858203,47.660818,51.821605
2020-12-23,sz.002985,175.4600000000,187.5900000000,175.4600000000,187.0200000000,177.6400000000,2081259,382252989.6200,2,5.544100,1,5.280300,99.337306,14.589964,50.177472,54.557963
2020-12-24,sz.002985,188.2000000000,198.8000000000,183.0000000000,183.8000000000,187.0200000000,3521228,675701712.4800,2,9.379900,1,-1.721700,97.626974,14.338762,49.313546,53.618616
2020-12-25,sz.002985,185.0000000000,188.6500000000,180.1500000000,187.8900000000,183.8000000000,1508719,279912942.9600,2,4.019000,1,2.225200,99.799414,14.657835,50.410893,54.811762
2020-12-28,sz.002985,187.7700000000,193.5000000000,183.5000000000,187.1800000000,187.8900000000,1470202,276595852.8100,2,3.916400,1,-0.377900,99.422291,14.602446,50.220400,54.604639
2020-12-29,sz.002985,185.0000000000,190.0000000000,180.2000000000,182.7500000000,187.1800000000,1315449,242576027.2800,2,3.504100,1,-2.366700,97.069258,14.256849,49.031831,53.312308
2020-12-30,sz.002985,180.9900000000,193.2800000000,180.3000000000,189.5900000000,182.7500000000,1320971,247754403.8000,2,3.518800,1,3.742800,100.702383,14.790457,50.867003,55.307690
2020-12-31,sz.002985,190.0200000000,194.5000000000,186.0200000000,193.3000000000,189.5900000000,1489081,284386273.6600,2,3.966700,1,1.956900,102.672982,15.079884,51.862396,56.389981
2021-01-04,sz.002985,194.0000000000,208.0000000000,194.0000000000,205.7800000000,193.3000000000,1794267,360432467.1200,2,4.779600,1,6.456300,109.301843,16.053485,55.210780,60.030679
2021-01-05,sz.002985,201.2400000000,212.1800000000,201.0000000000,207.5300000000,205.7800000000,1502919,310305143.8300,2,4.003500,1,0.850400,110.231371,16.190007,55.680305,60.541194
2021-01-06,sz.002985,207.5300000000,213.5000000000,206.0000000000,211.0000000000,207.5300000000,1346140,283135123.5900,2,3.585900,1,1.672000,112.074492,16.460712,56.611307,61.553471
2021-01-07,sz.002985,208.8800000000,219.6500000000,207.7200000000,218.5900000000,211.0000000000,1247273,269867741.6100,2,3.322500,1,3.597200,116.105987,17.052829,58.647704,63.767646
2021-01-08,sz.002985,219.6500000000,219.8800000000,201.2200000000,202.9800000000,218.5900000000,2091993,434236697.7400,2,5.572700,1,-7.141200,107.814599,15.835049,54.459540,59.213856
2021-01-11,sz.002985,205.1300000000,208.3700000000,190.0000000000,192.7000000000,202.9800000000,1831982,363370230.9700,2,4.880100,1,-5.064500,102.354287,15.033077,51.701416,56.214948
2021-01-12,sz.002985,192.7000000000,198.0000000000,191.0000000000,195.7600000000,192.7000000000,1371500,267913083.0000,2,3.653400,1,1.588000,103.979633,15.271796,52.522414,57.107619
2021-01-13,sz.002985,195.8500000000,196.0300000000,180.8800000000,183.3900000000,195.7600000000,1921987,357715041.8800,2,5.119800,1,-6.319000,97.409199,14.306777,49.203543,53.499010
2021-01-14,sz.002985,181.5100000000,183.3700000000,172.0000000000,174.6500000000,183.3900000000,1960913,344791221.0100,2,5.223500,1,-4.765800,92.766872,13.624945,46.858600,50.949354
2021-01-15,sz.002985,174.5900000000,181.1100000000,172.0000000000,176.0000000000,174.6500000000,1274828,225089358.7500,2,3.395900,1,0.773000,93.483936,13.730262,47.220805,51.343180
2021-01-18,sz.002985,178.9900000000,191.0000000000,177.9700000000,188.0300000000,176.0000000000,1609703,299224298.2500,2,4.288000,1,6.835200,99.873776,14.668757,50.448455,54.852603
2021-01-19,sz.002985,185.2000000000,188.8900000000,180.0000000000,180.8000000000,188.0300000000,1169760,214078487.3500,2,3.116000,1,-3.845100,96.033498,14.104724,48.508646,52.743448
2021-01-20,sz.002985,180.7500000000,186.2800000000,176.4400000000,183.9600000000,180.8000000000,889363,162830915.5300,2,2.369100,1,1.747800,97.711960,14.351244,49.356474,53.665292
2021-01-21,sz.002985,182.9800000000,185.0000000000,181.0100000000,182.0000000000,183.9600000000,839782,153450930.1000,2,2.237000,1,-1.065400,96.670889,14.198339,48.830606,53.093516
2021-01-22,sz.002985,181.7200000000,183.2300000000,177.2000000000,179.3800000000,182.0000000000,1055623,189203528.2400,2,2.812000,1,-1.439600,95.279253,13.993945,48.127660,52.329202
2021-01-25,sz.002985,180.0400000000,186.0000000000,176.8000000000,178.2900000000,179.3800000000,1658828,300095527.7700,2,4.418800,1,-0.607600,94.700290,13.908911,47.835213,52.011225
2021-01-26,sz.002985,176.7500000000,177.0600000000,164.1200000000,167.5000000000,178.2900000000,2339075,394778682.2700,2,6.230900,1,-6.051900,88.969087,13.067153,44.940255,48.863538
2021-01-27,sz.002985,166.0900000000,172.5800000000,165.3500000000,171.5500000000,167.5000000000,1429116,241640663.1300,2,3.806900,1,2.417900,91.120280,13.383105,46.026870,50.045014
2021-01-28,sz.002985,169.7500000000,174.3700000000,166.5000000000,167.4100000000,171.5500000000,888732,150586989.8000,2,2.367400,1,-2.413300,88.921283,13.060132,44.916108,48.837283
2021-01-29,sz.002985,168.0100000000,171.4800000000,158.0500000000,163.1800000000,167.4100000000,1318961,216123181.7600,2,3.513500,1,-2.526700,86.674481,12.730137,43.781199,47.603296
2021-02-01,sz.002985,162.0500000000,167.2000000000,160.8400000000,161.2000000000,163.1800000000,837300,136654840.0000,2,2.230400,1,-1.213400,85.622787,12.575672,43.249965,47.025685
2021-02-02,sz.002985,161.2000000000,165.4800000000,159.1000000000,163.1100000000,161.2000000000,880864,143571994.6400,2,2.346500,1,1.184900,86.637300,12.724676,43.762418,47.582875
2021-02-03,sz.002985,163.1200000000,163.7200000000,156.6800000000,158.9000000000,163.1100000000,956494,153148680.2400,2,2.547900,1,-2.581100,84.401122,12.396242,42.632875,46.354723
2021-02-04,sz.002985,157.5800000000,160.7000000000,152.0000000000,153.2800000000,158.9000000000,1268430,196244251.0000,2,3.378900,1,-3.536800,81.416010,11.957810,41.125029,44.715242
2021-02-05,sz.002985,156.0000000000,156.4000000000,150.0000000000,150.0000000000,153.2800000000,1192657,181605250.2300,2,3.177000,1,-2.139900,79.673809,11.701928,40.245005,43.758392
2021-02-08,sz.002985,149.2400000000,150.9800000000,144.1100000000,147.8000000000,150.0000000000,1518443,224795288.3600,2,4.044900,1,-1.466700,78.505260,11.530300,39.654745,43.116602
2021-02-09,sz.002985,150.6100000000,160.7600000000,148.4900000000,160.2500000000,147.8000000000,1323487,207189817.0400,2,3.525500,1,8.423500,85.118186,12.501560,42.995080,46.748549
2021-02-10,sz.002985,160.5100000000,164.4400000000,157.0100000000,163.0000000000,160.2500000000,1004200,161692929.0000,2,2.675000,1,1.716100,86.578873,12.716095,43.732905,47.550786
2021-02-18,sz.002985,163.0100000000,170.0000000000,158.0100000000,158.8900000000,163.0000000000,1079700,173728606.0000,2,2.876100,1,-2.521500,84.395810,12.395462,42.630192,46.351806
2021-02-19,sz.002985,161.0000000000,166.8700000000,160.4400000000,165.8700000000,158.8900000000,1253064,205992421.9700,2,3.337900,1,4.393000,88.103298,12.939992,44.502926,48.388030
2021-02-22,sz.002985,166.9100000000,167.8000000000,153.0200000000,153.2300000000,165.8700000000,2186775,346825949.2500,2,5.825200,1,-7.620400,81.389452,11.953909,41.111614,44.700656
2021-02-23,sz.002985,151.9900000000,163.9000000000,149.0300000000,161.4300000000,153.2300000000,1661200,262262571.0000,2,4.425100,1,5.351400,85.744954,12.593615,43.311674,47.092781
2021-02-24,sz.002985,160.7900000000,163.5700000000,158.2200000000,159.9300000000,161.4300000000,1015207,162638266.1400,2,2.704300,1,-0.929200,84.948216,12.476596,42.909224,46.655198
2021-02-25,sz.002985,161.7000000000,163.3000000000,157.8000000000,158.1700000000,159.9300000000,1022326,164047723.7300,2,2.723300,1,-1.100500,84.013376,12.339293,42.437016,46.141766
2021-02-26,sz.002985,154.0000000000,158.4800000000,153.0000000000,153.9800000000,158.1700000000,806503,124990117.8600,2,2.148400,1,-2.649000,81.787821,12.012419,41.312839,44.919448
2021-03-01,sz.002985,154.0100000000,157.6200000000,153.3000000000,155.2900000000,153.9800000000,727831,112792226.5000,2,1.938800,1,0.850800,82.483639,12.114616,41.664312,45.301605
2021-03-02,sz.002985,155.2900000000,156.8700000000,152.1000000000,153.9900000000,155.2900000000,689310,106380744.0000,2,1.836200,1,-0.837100,81.793133,12.013199,41.315522,44.922365
2021-03-03,sz.002985,153.6800000000,154.6000000000,151.2000000000,154.3100000000,153.9900000000,745470,113899500.6200,2,1.985800,1,0.207800,81.963103,12.038163,41.401378,45.015716
2021-03-04,sz.002985,152.9900000000,155.8700000000,150.6800000000,151.3100000000,154.3100000000,856604,130749360.5800,2,2.281800,1,-1.944100,80.369627,11.804125,40.596478,44.140549
2021-03-05,sz.002985,150.2400000000,153.2800000000,146.0000000000,150.9100000000,151.3100000000,717600,107653158.1800,2,1.911600,1,-0.264400,80.157164,11.772920,40.489158,44.023860
2021-03-08,sz.002985,150.9100000000,151.5000000000,139.1600000000,139.3200000000,150.9100000000,1536761,221173689.0100,2,4.093700,1,-7.680100,74.001034,10.868751,37.379560,40.642794
2021-03-09,sz.002985,139.1600000000,140.5800000000,131.5000000000,132.1300000000,139.3200000000,1167056,158503224.6300,2,3.108800,1,-5.160800,70.182003,10.307838,35.450483,38.545309
2021-03-10,sz.002985,134.0100000000,135.9100000000,132.6200000000,133.2000000000,132.1300000000,652410,87510511.1400,2,1.737900,1,0.809800,70.750343,10.391312,35.737564,38.857452
2021-03-11,sz.002985,132.3100000000,135.6100000000,130.3300000000,134.3000000000,133.2000000000,542011,72421233.3000,2,1.443800,1,0.825800,71.334617,10.477126,36.032694,39.178347
2021-03-12,sz.002985,135.0000000000,135.3000000000,130.0100000000,134.4800000000,134.3000000000,759351,100694250.9900,2,2.022800,1,0.134000,71.430226,10.491168,36.080988,39.230857
2021-03-15,sz.002985,134.0000000000,135.7000000000,132.2300000000,134.0000000000,134.4800000000,497282,66580051.7800,2,1.324700,1,-0.356900,71.175270,10.453722,35.952204,39.090830
2021-03-16,sz.002985,134.7000000000,136.4800000000,134.1200000000,135.4400000000,134.0000000000,566412,76666453.5300,2,1.508800,1,1.074600,71.940138,10.566061,36.338556,39.510911
2021-03-17,sz.002985,135.9000000000,140.4400000000,133.3000000000,139.9300000000,135.4400000000,851893,117221530.0900,2,2.269300,1,3.315100,74.325041,10.916338,37.543223,40.820745
2021-03-18,sz.002985,148.0000000000,149.9400000000,140.4700000000,140.6000000000,139.9300000000,1945669,281693785.2900,2,5.182900,1,0.478800,66.706468,10.206418,30.745758,50.900244
2021-03-19,sz.002985,140.6200000000,150.8900000000,139.0200000000,148.7200000000,140.6000000000,2516510,368068650.1400,2,6.703500,1,5.775200,70.558932,10.795864,32.521402,53.839860
2021-03-22,sz.002985,148.0000000000,153.0000000000,144.0000000000,147.6000000000,148.7200000000,1707022,253061330.3300,2,4.547200,1,-0.753100,70.027558,10.714561,32.276485,53.434395
2021-03-23,sz.002985,145.7800000000,147.9500000000,141.5100000000,144.5200000000,147.6000000000,1417004,204226384.4300,2,3.774700,1,-2.086700,68.566278,10.490978,31.602965,52.319369
2021-03-24,sz.002985,143.2800000000,145.4500000000,139.8500000000,140.1500000000,144.5200000000,808094,114810195.7300,2,2.152600,1,-3.023800,66.492969,10.173752,30.647354,50.737334
2021-03-25,sz.002985,137.9800000000,139.4800000000,136.0700000000,137.0000000000,140.1500000000,729348,100429076.4900,2,1.942900,1,-2.247600,64.998479,9.945087,29.958526,49.596966
2021-03-26,sz.002985,138.0000000000,140.4600000000,136.6700000000,139.5200000000,137.0000000000,789931,109658081.8600,2,2.104200,1,1.839400,66.194071,10.128019,30.509588,50.509261
2021-03-29,sz.002985,139.8000000000,148.5500000000,138.0500000000,145.2400000000,139.5200000000,1639615,237125172.9500,2,4.367600,1,4.099800,68.907876,10.543245,31.760411,52.580024
2021-03-30,sz.002985,145.2400000000,149.9500000000,144.5100000000,148.4300000000,145.2400000000,1467166,217576090.2300,2,3.908300,1,2.196400,70.421344,10.774813,32.457986,53.734873
2021-03-31,sz.002985,145.7000000000,149.8400000000,145.7000000000,147.5500000000,148.4300000000,1092976,161702635.4700,2,2.911500,1,-0.592900,70.003836,10.710932,32.265551,53.416294
2021-04-01,sz.002985,147.5800000000,148.8800000000,145.6000000000,146.6600000000,147.5500000000,598738,88144099.2000,2,1.594900,1,-0.603200,69.581583,10.646325,32.070930,53.094095
2021-04-02,sz.002985,147.2900000000,149.3200000000,145.4300000000,146.8000000000,146.6600000000,575197,84465792.5200,2,1.532200,1,0.095500,69.648005,10.656488,32.101545,53.144778
2021-04-06,sz.002985,146.8100000000,148.2400000000,145.0800000000,145.8700000000,146.8000000000,643002,94034053.8200,2,1.712800,1,-0.633500,69.206774,10.588977,31.898177,52.808098
2021-04-07,sz.002985,147.8600000000,149.8000000000,144.5200000000,145.0000000000,145.8700000000,773979,113122216.0300,2,2.061700,1,-0.596400,68.794010,10.525823,31.707929,52.493139
2021-04-08,sz.002985,144.2700000000,152.9800000000,142.0000000000,150.4900000000,145.0000000000,1692739,251853822.2100,2,4.509200,1,3.786200,71.398694,10.924352,32.908457,54.480638
2021-04-09,sz.002985,148.7800000000,152.3100000000,147.3400000000,150.6600000000,150.4900000000,1047575,156553424.8300,2,2.790600,1,0.113000,71.479349,10.936693,32.945632,54.542182
2021-04-12,sz.002985,151.0900000000,151.1200000000,144.1600000000,144.6400000000,150.6600000000,991674,144990321.1400,2,2.641600,1,-3.995800,68.623211,10.499689,31.629206,52.362811
2021-04-13,sz.002985,143.6400000000,146.0300000000,143.0500000000,145.1000000000,144.6400000000,529280,76615677.3900,2,1.409900,1,0.318000,68.841454,10.533082,31.729797,52.529341
2021-04-14,sz.002985,145.0900000000,146.2800000000,143.2400000000,145.7200000000,145.1000000000,544619,79070598.5100,2,1.450800,1,0.427300,69.135608,10.578089,31.865376,52.753795
2021-04-15,sz.002985,144.2000000000,145.0400000000,142.7200000000,143.3900000000,145.7200000000,465100,66827699.4800,2,1.238900,1,-1.599000,68.030159,10.408950,31.355862,51.910284
2021-04-16,sz.002985,143.0000000000,143.4800000000,136.5900000000,138.8000000000,143.3900000000,1097523,152075391.7700,2,2.923600,1,-3.201100,65.852473,10.075753,30.352142,50.248605
2021-04-19,sz.002985,137.7600000000,140.2800000000,135.8900000000,139.4300000000,138.8000000000,719951,99711649.6700,2,1.917800,1,0.453900,66.151371,10.121486,30.489907,50.476679
